id,title,artist,album_idkj,duration,track_number,audio_url,created_at,image_url,song_id,genre,isTop,song_lyrics,processed,play_count,tempo,chroma,spectral_centroid,spectral_bandwidth,spectral_contrast,spectral_flatness,zero_crossing_rate,rms,mfcc,artist_id,plays,album_id,language,release_year,energy,valence,danceability,acousticness,instrumentalness,lyrics_in_eng,file_identifier,image_identifier,updated_at,lyrics_in_english
01b1f956-8d62-4f0c-ab5c-427a898f0c2e,My Oh My (feat. DaBaby),Camila Cabello/DaBaby,27cdf5a8-8981-4df6-b6b8-88e13ad806ba,,,https://yaysfbsmvtyqpbfhxstj.supabase.co/storage/v1/object/public/songs/My_Oh_My__feat._DaBaby_.mp3?,2025-03-19 17:31:49.96255+00,https://yaysfbsmvtyqpbfhxstj.supabase.co/storage/v1/object/public/images/My_Oh_My__feat._DaBaby_.jpg?,60696c09-85d6-4db0-9bc2-5979d2e6847a,pop,,,false,,103.359375,"[0.4277092516422272,0.3368353247642517,0.46078529953956604,0.4201339781284332,0.3062794804573059,0.3093315362930298,0.3361136317253113,0.5216043591499329,0.40643176436424255,0.34239330887794495,0.31050434708595276,0.32644206285476685]",2261.676813,2393.274641,"[21.300720630718644,18.535180931186403,20.105182002544932,19.57516722639302,19.56394003426574,19.356101282168172,45.96856643198552]",0.021849494,0.097704852,0.251057833,"[-76.66248321533203,89.75169372558594,-2.6628623008728027,22.44091796875,5.037441253662109,16.4128360748291,15.323606491088867,4.283357620239258,13.024140357971191,6.390644073486328,3.1740992069244385,4.549920558929443,4.473254203796387,3.7169148921966553,-1.8674302101135254,5.221411228179932,-2.757115125656128,5.955325126647949,-0.8894439935684204,5.337104797363281]",,0,746037e8-0c1a-4da2-bf19-1a01673adb78,,2019,0.75,0.65,0.8,0.1,0.01,,,,,
0261d8eb-5ee4-4533-907e-126d628619e6,Rolling in the Deep,Adele,27cdf5a8-8981-4df6-b6b8-88e13ad806ba,,,https://yaysfbsmvtyqpbfhxstj.supabase.co/storage/v1/object/public/songs/Rolling_in_the_Deep.mp3?,2025-03-19 17:31:49.96255+00,https://yaysfbsmvtyqpbfhxstj.supabase.co/storage/v1/object/public/images/Rolling_in_the_Deep.jpg?,76631e74-7699-42a6-8d2e-0b05bd29a30c,pop soul,,,false,,103.359375,"[0.4626992642879486,0.2903934419155121,0.3075745403766632,0.30319491028785706,0.23852789402008057,0.29803770780563354,0.32437992095947266,0.43335795402526855,0.33153030276298523,0.3198624551296234,0.40666645765304565,0.3703092336654663]",2341.824728,2623.92057,"[23.184842375001157,16.105960302210306,18.624438179073177,18.961898240668766,19.17801382692497,18.811616450845996,47.52118030076463]",0.017359708,0.089358302,0.255973041,"[-56.56509017944336,89.39190673828125,4.2115678787231445,20.386152267456055,13.134598731994629,8.871708869934082,5.128493309020996,7.445811748504639,0.15346527099609375,7.247784614562988,-6.889580249786377,6.529858112335205,-4.667318344116211,4.897804260253906,1.4041870832443237,-2.0363550186157227,0.1317838430404663,-0.8279025554656982,-4.6502556800842285,3.8030078411102295]",,0,746037e8-0c1a-4da2-bf19-1a01673adb78,,2011,0.75,0.4,0.65,0.2,0.01,,,,,
02b1c5ff-0769-4998-a97c-e2149f5cfdad,Gently (feat. Bad Bunny),Drake,,,,,2025-06-29 09:13:16.401982+00,https://upload.wikimedia.org/wikipedia/en/For_All_the_Dogs.jpg,f32ddb14-cecc-437e-8e4a-c293a6229d3f,,,,false,,,,,,,,,,,,0,,,,,,,,,,,,,
05eb9b43-e316-466c-9365-8f82c61f4625,Faith,The Weekend,d5ae8b55-828e-4f4d-beec-d4db56eb19fd,13500,1,https://yaysfbsmvtyqpbfhxstj.supabase.co/storage/v1/object/public/songs/Faith.mp3,2024-12-01 18:33:43.637226+00,,36cae158-1d65-473f-ae13-5e0df8d3e4a3,r&b,,,false,,89.10290948,"[0.46811628341674805,0.27512887120246887,0.3631283938884735,0.37801191210746765,0.28614577651023865,0.4092709720134735,0.3190537095069885,0.5363067388534546,0.3812222480773926,0.33516764640808105,0.46181195974349976,0.34891247749328613]",1770.743865,1942.491379,"[21.799905944013936,16.129027851411003,18.597487087035248,17.720497545186586,18.25681208713645,21.25805769690137,47.66804476892985]",0.011548537,0.074526099,0.084430717,"[-181.58621215820312,118.76811218261719,-13.667852401733398,11.75969123840332,1.9487659931182861,-1.5899683237075806,2.674427032470703,-0.5264005064964294,-10.989160537719727,4.665295124053955,-7.758346080780029,-1.34894859790802,-5.387972354888916,1.5668185949325562,-5.299619197845459,1.5772396326065063,-1.9381736516952515,0.7412811517715454,-2.7870614528656006,5.166340351104736]",,0,,,2020,0.65,0.45,0.7,0.15,0.05,,,,,
092e9e80-37b3-47fc-827e-8b2a3bb59546,Blank Space (Taylor's Version),Taylor Swift,,,,,2025-06-29 09:13:16.401982+00,https://upload.wikimedia.org/wikipedia/en/1989_%28Taylor%27s_Version%29.png,96cc48e0-f64d-43ee-8215-7cd43a369508,,,,false,,,,,,,,,,,,0,02e7ac34-8382-4f1c-82e6-0c902f2046a9,,,,,,,,,,,,
0968ad99-a9c0-41a8-a5c7-9d21999de5ed,Ghost,The Weekend,d5ae8b55-828e-4f4d-beec-d4db56eb19fd,13500,2,https://yaysfbsmvtyqpbfhxstj.supabase.co/storage/v1/object/public/songs/Ghost.mp3,2024-12-01 18:09:12.483583+00,,17bf8a3a-1a87-4dd4-b586-8b056a8649a1,r&b,,,false,,103.359375,"[0.23048001527786255,0.3730158805847168,0.5517300367355347,0.30671393871307373,0.33507218956947327,0.24959099292755127,0.39754223823547363,0.30695608258247375,0.30547642707824707,0.46143946051597595,0.301577627658844,0.3366629481315613]",1764.816002,2013.896201,"[25.246408777865078,16.015691423633662,19.488299970673665,19.253573109649484,20.090804703488956,19.62097872516826,46.52438763697768]",0.01102908,0.074533469,0.176027626,"[-140.64755249023438,114.94989776611328,-0.38761329650878906,10.25007438659668,6.465071201324463,4.778058052062988,-3.8012592792510986,-1.7965059280395508,-5.30418062210083,1.0142192840576172,-5.0343098640441895,-1.121482014656067,-5.870096683502197,-1.923842191696167,-5.481966495513916,-4.194747447967529,-7.038852214813232,-0.5104938745498657,-5.138922691345215,-2.4566807746887207]",,0,,,2020,0.65,0.45,0.7,0.15,0.05,,,,,
099d1844-6ad5-4483-b745-ce3362447a72,Sharks,Imagine Dragons,27cdf5a8-8981-4df6-b6b8-88e13ad806ba,,,https://yaysfbsmvtyqpbfhxstj.supabase.co/storage/v1/object/public/songs/Sharks.mp3?,2025-03-19 17:31:49.96255+00,https://yaysfbsmvtyqpbfhxstj.supabase.co/storage/v1/object/public/images/Sharks.jpg?,49d79803-214f-4908-953b-58f56efb19fc,alternative rock,,,false,,123.046875,"[0.4735593795776367,0.48144111037254333,0.4098682403564453,0.4429432451725006,0.46285462379455566,0.5142971873283386,0.43430981040000916,0.3637394607067108,0.3823580741882324,0.4171183407306671,0.5227156281471252,0.4631967842578888]",2509.333816,2559.534734,"[22.055231790970897,14.680011067233247,18.271230754179722,16.94575481642537,17.626374300521068,17.06692820551556,45.51658275759572]",0.035177872,0.09920484,0.263309568,"[-78.52857208251953,68.70182037353516,3.1746788024902344,29.95901107788086,10.945977210998535,11.206307411193848,-1.3771648406982422,10.34018611907959,0.46926525235176086,5.2333807945251465,4.152886867523193,4.510788917541504,1.0472052097320557,2.82149600982666,0.43072113394737244,4.514776229858398,-2.2725718021392822,-0.25696808099746704,-1.2839312553405762,2.249572277069092]",,0,746037e8-0c1a-4da2-bf19-1a01673adb78,,2018,0.8,0.6,0.65,0.1,0.02,,,,,
0b2d83c2-1ab4-42b4-8c77-bd9c4baa562a,Snowchild,The Weekend,d5ae8b55-828e-4f4d-beec-d4db56eb19fd,13500,7,https://yaysfbsmvtyqpbfhxstj.supabase.co/storage/v1/object/public/songs/Snowchild.mp3,2024-12-01 18:09:12.483583+00,,87ccb86a-b9cc-45b6-a2fe-a2704f890eec,r&b,,,false,,73.828125,"[0.536555826663971,0.39962729811668396,0.4418686032295227,0.3321826756000519,0.49230679869651794,0.4205671548843384,0.3065583407878876,0.3588671088218689,0.2757422626018524,0.2827358841896057,0.234397292137146,0.30337002873420715]",2137.27064,2367.31589,"[20.434334583896614,16.787430639677375,19.54885849591738,19.007760065407286,19.317021853448363,18.762604286872097,46.04056543511901]",0.036990542,0.070271348,0.19076322,"[-124.45195007324219,99.18961334228516,25.690303802490234,19.785282135009766,9.407002449035645,7.834944248199463,-0.5724396705627441,4.765861511230469,-9.884064674377441,4.595126152038574,-2.0076842308044434,-1.5448986291885376,-1.949343204498291,3.015430450439453,-4.934009552001953,-3.0425589084625244,-7.400551795959473,-4.563455104827881,-7.117908000946045,1.2648036479949951]",,0,,,2020,0.65,0.45,0.7,0.15,0.05,,,,,
0ba90039-9bef-469d-8e4e-8eff3dfab526,Tell Me Straight,The Rolling Stones,,,,,2025-06-29 09:13:16.401982+00,https://upload.wikimedia.org/wikipedia/en/Hackney_Diamonds.jpg,aafa0e64-d1e9-44ca-9f45-b60769c80749,,,,false,,,,,,,,,,,,0,,,,,,,,,,,,,
0bf8a0b3-a84e-4c44-878b-ab4eadc0e887,The Journey - Demo,Imagine Dragons,bc3edb05-3f78-45f4-a0fa-288131b62571,,,https://yaysfbsmvtyqpbfhxstj.supabase.co/storage/v1/object/public/songs/The Journey - Demo.mp3?,2025-03-18 13:55:13.037066+00,https://yaysfbsmvtyqpbfhxstj.supabase.co/storage/v1/object/public/images/The Journey - Demo.jpg?,9e2c5cb8-1a2a-4760-adf0-803e1296c693,alternative rock,,,false,,151.9990809,"[0.3804161250591278,0.44625046849250793,0.29819631576538086,0.38259756565093994,0.321348637342453,0.4804720878601074,0.4509730041027069,0.3625446557998657,0.5063517093658447,0.3645784854888916,0.40111398696899414,0.2748926281929016]",2334.668549,2436.560998,"[17.314728872428677,15.02051399076283,18.188567654057174,17.802330365455337,18.329737043995976,17.36941775466616,46.217220274471146]",0.040475309,0.112308004,0.227940843,"[-40.535343170166016,92.08759307861328,-6.102056503295898,15.212545394897461,2.1707475185394287,5.469032287597656,-5.116167068481445,3.8765721321105957,-3.4852099418640137,-0.31539398431777954,0.9044467210769653,-1.5926369428634644,-4.062260150909424,1.8079160451889038,-3.024446487426758,0.7622004747390747,-4.786186218261719,1.1185383796691895,-1.3530110120773315,1.7741905450820923]",,0,,,2018,0.8,0.6,0.65,0.1,0.02,,,,,
0e81651d-c3f2-4bf1-860b-48bf50a827d3,Astronaut In The Ocean,Masked Wolf,27cdf5a8-8981-4df6-b6b8-88e13ad806ba,,,https://yaysfbsmvtyqpbfhxstj.supabase.co/storage/v1/object/public/songs/Astronaut_In_The_Ocean.mp3?,2025-03-19 17:31:49.96255+00,https://yaysfbsmvtyqpbfhxstj.supabase.co/storage/v1/object/public/images/Astronaut_In_The_Ocean.jpg?,f3b75ef3-6d0b-4109-a543-48f670cbc9fd,hip-hop,,,false,,151.9990809,"[0.3690648078918457,0.46450650691986084,0.46397730708122253,0.43760278820991516,0.5658585429191589,0.5436466336250305,0.6147155165672302,0.621799111366272,0.4795301854610443,0.4302341341972351,0.4018361270427704,0.37619748711586]",2351.694617,2674.533502,"[22.999896666116552,16.40703077478061,18.678927377117976,17.418612993986944,18.243882267942965,17.743723015407454,47.36649332817687]",0.014550861,0.059700578,0.330438197,"[-74.97241973876953,84.07772827148438,23.913803100585938,25.363861083984375,13.628422737121582,11.867231369018555,2.2592411041259766,8.675402641296387,-5.742467403411865,4.14892578125,3.666565418243408,5.701681137084961,-0.45974329113960266,5.4250688552856445,2.8923513889312744,5.092874050140381,-3.803950548171997,3.763681173324585,2.8221709728240967,2.72847056388855]",,0,746037e8-0c1a-4da2-bf19-1a01673adb78,,2021,0.8,0.6,0.75,0.1,0.01,,,,,
10350cfe-a36e-4f56-bfb6-907d8fb88535,Faith,The Weekend,d5ae8b55-828e-4f4d-beec-d4db56eb19fd,13500,1,https://yaysfbsmvtyqpbfhxstj.supabase.co/storage/v1/object/public/songs/Faith.mp3,2024-12-01 18:09:12.483583+00,,e105c44a-8630-4ea3-abab-5f756e8be8bd,r&b,,,false,,89.10290948,"[0.46811628341674805,0.27512887120246887,0.3631283938884735,0.37801191210746765,0.28614577651023865,0.4092709720134735,0.3190537095069885,0.5363067388534546,0.3812222480773926,0.33516764640808105,0.46181195974349976,0.34891247749328613]",1770.743865,1942.491379,"[21.799905944013936,16.129027851411003,18.597487087035248,17.720497545186586,18.25681208713645,21.25805769690137,47.66804476892985]",0.011548537,0.074526099,0.084430717,"[-181.58621215820312,118.76811218261719,-13.667852401733398,11.75969123840332,1.9487659931182861,-1.5899683237075806,2.674427032470703,-0.5264005064964294,-10.989160537719727,4.665295124053955,-7.758346080780029,-1.34894859790802,-5.387972354888916,1.5668185949325562,-5.299619197845459,1.5772396326065063,-1.9381736516952515,0.7412811517715454,-2.7870614528656006,5.166340351104736]",,0,,,2020,0.65,0.45,0.7,0.15,0.05,,,,,
10fe615f-7cff-4cdd-9f08-8866be3161ec,Clean (Taylor's Version),Taylor Swift,,,,,2025-06-29 09:13:16.401982+00,https://upload.wikimedia.org/wikipedia/en/1989_%28Taylor%27s_Version%29.png,130e3798-4ffb-4321-ad1a-6cf235326811,,,,false,,,,,,,,,,,,0,02e7ac34-8382-4f1c-82e6-0c902f2046a9,,,,,,,,,,,,
1137be34-5ce6-4519-a0af-4c45f85bcc31,Out of the Woods (Taylor's Version),Taylor Swift,,,,,2025-06-29 09:13:16.401982+00,https://upload.wikimedia.org/wikipedia/en/1989_%28Taylor%27s_Version%29.png,0bbef3b7-fb1b-4353-9343-16b0b9fd06a0,,,,false,,,,,,,,,,,,0,02e7ac34-8382-4f1c-82e6-0c902f2046a9,,,,,,,,,,,,
13ad695d-ea70-4d6d-a4ae-63817953bbc0,Shake It Off (Taylor's Version),Taylor Swift,,,,,2025-06-29 09:13:16.401982+00,https://upload.wikimedia.org/wikipedia/en/1989_%28Taylor%27s_Version%29.png,1f9f3cc2-99e8-418b-8bb7-256846d3f918,,,,false,,,,,,,,,,,,0,02e7ac34-8382-4f1c-82e6-0c902f2046a9,,,,,,,,,,,,
14b862b7-39d8-463e-aa61-0d920f126187,This Love (Taylor's Version),Taylor Swift,,,,,2025-06-29 09:13:16.401982+00,https://upload.wikimedia.org/wikipedia/en/1989_%28Taylor%27s_Version%29.png,2e945b01-5e3b-4cad-818b-ae2b6ace4d20,,,,false,,,,,,,,,,,,0,02e7ac34-8382-4f1c-82e6-0c902f2046a9,,,,,,,,,,,,
15f67d03-b461-4e78-b7d0-9ef65d986e25,Burn,Tom Walker,27cdf5a8-8981-4df6-b6b8-88e13ad806ba,,,https://yaysfbsmvtyqpbfhxstj.supabase.co/storage/v1/object/public/songs/Burn.mp3?,2025-03-19 17:31:49.96255+00,https://yaysfbsmvtyqpbfhxstj.supabase.co/storage/v1/object/public/images/Burn.jpg?,d76a4421-13da-4d6e-8216-e1a5be731f25,pop folk,,,false,,129.1992188,"[0.29026028513908386,0.3546183705329895,0.49365878105163574,0.37146028876304626,0.3390205204486847,0.3913288414478302,0.42291492223739624,0.4315754175186157,0.41587308049201965,0.5194078087806702,0.4082373082637787,0.314300000667572]",2306.967802,2549.885916,"[18.771776182599613,15.13379952703156,17.93588420989884,17.203462605587642,17.993370090928774,17.07874922572025,46.88143014938219]",0.031860847,0.093472348,0.333544314,"[-56.07081985473633,89.58291625976562,9.160419464111328,19.085128784179688,11.697778701782227,10.247443199157715,2.16835880279541,8.098137855529785,2.6586015224456787,4.388171672821045,3.859102487564087,6.164475917816162,-2.90138840675354,-1.069355845451355,2.0443477630615234,0.9014149308204651,-3.8985817432403564,4.059266090393066,-2.34548020362854,2.9768640995025635]",,0,746037e8-0c1a-4da2-bf19-1a01673adb78,,2019,0.65,0.5,0.6,0.3,0.01,,,,,
16784f27-4fa0-4468-8cde-7236b8c9e5b2,Aaj Ki Raat (From _Stree 2_),"Sachin-Jigar,Madhubanti Bagchi,Divya Kumar,Amitabh Bhattacharya",37be7979-1f2c-4001-9a57-b951b79778d6,10920,15,https://yaysfbsmvtyqpbfhxstj.supabase.co/storage/v1/object/public/songs/Aaj%20Ki%20Raat%20(From%20_Stree%202_).mp3,2025-01-16 08:34:10.468363+00,https://yaysfbsmvtyqpbfhxstj.supabase.co/storage/v1/object/public/images/Aaj%20Ki%20Raat%20(From%20_Stree%202_).jpg,021fd069-9e27-4227-a1b6-a514de021483,"filmi,gujarati pop,modern bollywood,indian folk",,,false,,117.4538352,"[0.323644757270813,0.2995489239692688,0.3940941095352173,0.3096756935119629,0.3957820534706116,0.3274763524532318,0.27955690026283264,0.3621145188808441,0.3225001394748688,0.44424572587013245,0.3039598762989044,0.2973802387714386]",2184.292562,2507.707428,"[19.543829385228875,16.40818898295232,19.563132357890705,18.604468760330185,18.603377995503248,18.278246998480675,46.38390662195078]",0.017446624,0.079161899,0.264868021,"[-55.56211853027344,94.23108673095703,4.943012237548828,20.293365478515625,5.618450164794922,5.26153564453125,0.6160715222358704,7.169841766357422,-5.011638164520264,5.431899070739746,-3.680459976196289,2.533785820007324,-4.012537002563477,2.2821288108825684,-1.0756585597991943,1.0639535188674927,2.129824638366699,1.8723057508468628,1.2984689474105835,1.4749284982681274]",,0,42a848b5-fae8-4038-849f-b38b72aa545c,,2023,0.75,0.7,0.8,0.15,0.01,,,,,
1684b7d9-f20d-4330-82de-aae915abddd0,Snowchild,The Weekend,d5ae8b55-828e-4f4d-beec-d4db56eb19fd,13500,7,https://yaysfbsmvtyqpbfhxstj.supabase.co/storage/v1/object/public/songs/Snowchild.mp3,2024-12-01 18:33:43.637226+00,,aebf3cc2-f009-4ce5-8e5c-7b094353151c,r&b,,,false,,73.828125,"[0.536555826663971,0.39962729811668396,0.4418686032295227,0.3321826756000519,0.49230679869651794,0.4205671548843384,0.3065583407878876,0.3588671088218689,0.2757422626018524,0.2827358841896057,0.234397292137146,0.30337002873420715]",2137.27064,2367.31589,"[20.434334583896614,16.787430639677375,19.54885849591738,19.007760065407286,19.317021853448363,18.762604286872097,46.04056543511901]",0.036990542,0.070271348,0.19076322,"[-124.45195007324219,99.18961334228516,25.690303802490234,19.785282135009766,9.407002449035645,7.834944248199463,-0.5724396705627441,4.765861511230469,-9.884064674377441,4.595126152038574,-2.0076842308044434,-1.5448986291885376,-1.949343204498291,3.015430450439453,-4.934009552001953,-3.0425589084625244,-7.400551795959473,-4.563455104827881,-7.117908000946045,1.2648036479949951]",,0,,,2020,0.65,0.45,0.7,0.15,0.05,,,,,
178d6e4e-ec28-4fc4-807b-12f5ac867754,Slut! (Taylor's Version),Taylor Swift,,,,,2025-06-29 09:13:16.401982+00,https://upload.wikimedia.org/wikipedia/en/1989_%28Taylor%27s_Version%29.png,742d7c98-5215-4844-8ed5-8ebc0f00c23f,,,,false,,,,,,,,,,,,0,02e7ac34-8382-4f1c-82e6-0c902f2046a9,,,,,,,,,,,,
189e4b94-f35d-4c23-a716-6a0dce4d8ab1,goosebumps,Travis Scott,27cdf5a8-8981-4df6-b6b8-88e13ad806ba,,,https://yaysfbsmvtyqpbfhxstj.supabase.co/storage/v1/object/public/songs/goosebumps.mp3?,2025-03-19 17:31:49.96255+00,https://yaysfbsmvtyqpbfhxstj.supabase.co/storage/v1/object/public/images/goosebumps.jpg?,9a670de0-8aa9-4682-ab79-8bf445adb3fa,hip-hop,,,false,,129.1992188,"[0.36806997656822205,0.316100150346756,0.31271639466285706,0.35919979214668274,0.43554258346557617,0.3217218518257141,0.38189148902893066,0.44678130745887756,0.4068881571292877,0.49504145979881287,0.41650280356407166,0.4836469292640686]",2362.458189,2538.100341,"[20.27234902201226,17.26322285870323,19.980257464380752,19.062668635789187,20.24187542576562,18.38701705932398,49.37629767534996]",0.019619271,0.088349292,0.309550971,"[-58.45012664794922,92.64704895019531,11.469103813171387,12.260272979736328,11.286109924316406,7.472167015075684,-9.151044845581055,4.301760673522949,-2.4565677642822266,3.6494505405426025,-4.329915523529053,4.564813137054443,0.009885219857096672,0.5474550724029541,-1.9700863361358643,4.4529032707214355,-6.053773403167725,3.187185287475586,1.043413519859314,4.186444282531738]",,0,746037e8-0c1a-4da2-bf19-1a01673adb78,,2016,0.8,0.45,0.75,0.05,0.01,,,,,
1a00c9dd-a18d-4dce-8217-e67c1d6cb66b,Fear of Heights,Drake,,,,,2025-06-29 09:13:16.401982+00,https://upload.wikimedia.org/wikipedia/en/For_All_the_Dogs.jpg,0d76fc66-1d3e-4b68-92b5-93fa69cf0822,,,,false,,,,,,,,,,,,0,,,,,,,,,,,,,
1ad29e27-c9cc-49e8-9eb6-fbfaf8ef96ac,Until I Bleed Out,The Weekend,d5ae8b55-828e-4f4d-beec-d4db56eb19fd,13500,6,https://yaysfbsmvtyqpbfhxstj.supabase.co/storage/v1/object/public/songs/Until%20I%20Bleed%20Out.mp3,2024-12-01 18:09:12.483583+00,,4e5a40fa-baa1-4fc7-b729-5fca8c1160b0,r&b,,,false,,123.046875,"[0.5038310885429382,0.29550230503082275,0.3931494951248169,0.3481925129890442,0.21924914419651031,0.3486725986003876,0.26876264810562134,0.5380150079727173,0.3102308511734009,0.2600116729736328,0.41844335198402405,0.3192785680294037]",1904.770183,2132.520995,"[23.303805251753293,17.05274708790091,20.443247413882542,19.874553202277827,19.845095023156002,19.166241950130463,48.210121102145564]",0.013844474,0.074076193,0.168513954,"[-123.6166000366211,102.585693359375,-1.9787546396255493,7.52162504196167,-4.967051029205322,-2.298855781555176,-6.056131362915039,-7.5166521072387695,-12.546926498413086,0.08053964376449585,-5.457967758178711,-3.4509217739105225,-6.498702526092529,0.14921322464942932,-5.896899223327637,1.0373899936676025,-5.549867630004883,-0.3062749207019806,-4.198617458343506,0.3636706471443176]",,0,,,2020,0.65,0.45,0.7,0.15,0.05,,,,,
1ae2b069-6c42-4f9b-8f81-68811fa176b1,Now That We Don't Talk (Taylor's Version),Taylor Swift,,,,,2025-06-29 09:13:16.401982+00,https://upload.wikimedia.org/wikipedia/en/1989_%28Taylor%27s_Version%29.png,8351b909-0b33-4e6f-ace6-8f965d83b731,,,,false,,,,,,,,,,,,0,02e7ac34-8382-4f1c-82e6-0c902f2046a9,,,,,,,,,,,,
1b5bfff6-597c-45f4-b20d-acffa93a4f13,1st Gen,Shuba,27cdf5a8-8981-4df6-b6b8-88e13ad806ba,,,https://yaysfbsmvtyqpbfhxstj.supabase.co/storage/v1/object/public/songs/1st_Gen.mp3?,2025-03-19 17:31:49.96255+00,https://yaysfbsmvtyqpbfhxstj.supabase.co/storage/v1/object/public/images/1st_Gen.jpg?,235a8e08-2b1b-4133-b410-95478169e2d3,pop,,,false,,,,,,,,,,,,0,746037e8-0c1a-4da2-bf19-1a01673adb78,,2022,0.7,0.65,0.75,0.2,0.01,,,,,
1ce57964-e3ee-4a4d-ac9e-7a3be4751ef8,Another Late Night (feat. Lil Yachty),Drake,,,,,2025-06-29 09:13:16.401982+00,https://upload.wikimedia.org/wikipedia/en/For_All_the_Dogs.jpg,d4db2058-49a6-407a-acea-b9659ed6d9d8,,,,false,,,,,,,,,,,,0,,,,,,,,,,,,,
1d5fb507-e8bc-4c15-9fda-22c85466dd96,2 Much,Justin Bieber,c2db778d-b597-4ccf-b21f-9d5a5a3544ba,8280,2,https://yaysfbsmvtyqpbfhxstj.supabase.co/storage/v1/object/public/songs/2%20Much.mp3,2024-12-19 11:21:18.984227+00,https://yaysfbsmvtyqpbfhxstj.supabase.co/storage/v1/object/sign/artists/justin%20bieber/justice.png?token=eyJhbGciOiJIUzI1NiIsInR5cCI6IkpXVCJ9.eyJ1cmwiOiJhcnRpc3RzL2p1c3RpbiBiaWViZXIvanVzdGljZS5wbmciLCJpYXQiOjE3MzY3NDUxNDcsImV4cCI6NDg5MDM0NTE0N30.VdhHBCJVQexORqxW_cyjF_ik0t-G87uhVd05uoeHzuw&t=2025-01-13T05%3A12%3A26.868Z,251398c5-d0b7-4d83-a4db-5c083f9992f5,pop,true,"
[00:00.94] Injustice anywhere is a threat to justice everywhere
[00:07.66]
[00:15.84] Maybe I stare too much, maybe not long enough
[00:19.99] Funny how I forget to blink
[00:23.99] When you let down your hair, dancin' like no one's there
[00:27.85] I know I'm where I'm supposed to be
[00:31.64] Say, ""I love you"" under my breath
[00:33.71] More times than you can digest
[00:35.53] Music every time I hear your name, oh
[00:39.76] Your head's layin' right on my chest
[00:41.65] Sun's up, but I still ain't got no rest
[00:45.05] Don't wanna close my eyes, I'm scared I'll miss too much
[00:49.10] Don't wanna fall asleep, I'd rather fall in love
[00:53.26] When I can't feel you, I feel out of touch
[00:57.40] Two seconds without you's like two months
[01:01.09] Don't wanna close my eyes, I'm scared I'll miss too much
[01:04.96] Don't wanna fall asleep, I'd rather fall in love
[01:09.18] 'Cause eternity with you ain't long enough
[01:13.37] Two seconds without you's like two months
[01:16.82] And that's too much
[01:19.62] Love the way you love your mom
[01:21.67] Take on all your friends problems
[01:23.66] Still somehow stop the world for us, oh-oh
[01:27.74] I still relieve that second
[01:29.76] I made my biggest blessing
[01:31.61] Prayed for you, look what God has turned
[01:35.66] Say, ""I love you"" under my breath
[01:37.78] More times than you can digest
[01:39.76] Music every time I hear your name, oh
[01:43.65] Your head's layin' right on my chest
[01:45.63] Sun's up, but I still ain't got no rest
[01:49.04] Don't wanna close my eyes, I'm scared I'll miss too much
[01:53.00] Don't wanna fall asleep, I'd rather fall in love
[01:57.18] When I can't feel you, I feel out of touch
[02:01.44] Two seconds without you's like two months
[02:05.09] Don't wanna close my eyes, I'm scared I'll miss too much
[02:08.93] Don't wanna fall asleep, I'd rather fall in love
[02:13.18] 'Cause eternity with you ain't long enough
[02:17.41] Two seconds without you's like two months
[02:20.87] And that's too much
[02:22.15]",false,,123.046875,"[0.2702464759349823,0.5008739829063416,0.3956300914287567,0.35984793305397034,0.4666884243488312,0.32683467864990234,0.31888407468795776,0.2231026291847229,0.4163532853126526,0.633467972278595,0.3521500825881958,0.314550518989563]",1414.131932,2127.096094,"[23.37890622498099,18.19151733996057,22.196497335797226,21.442698544308342,21.635045603035575,18.113875186686034,47.597083286947324]",0.003585886,0.043499676,0.253814489,"[-135.39512634277344,144.74012756347656,51.934425354003906,14.936514854431152,12.739094734191895,17.087081909179688,0.3527860641479492,7.660070419311523,-3.5696704387664795,7.491709232330322,4.094632625579834,1.5201518535614014,-3.3436050415039062,6.805520534515381,4.9898529052734375,3.685720443725586,-3.020042896270752,4.276223182678223,-5.721860408782959,-0.2428981512784958]",,0,,,2021,0.6,0.7,0.75,0.25,0.01,,,,,
1f7e91d7-6b61-4c62-9ffe-cb02e16e8e01,Krishna Teri Ho Gyi,Mohit Lalwani/Aishwarya Anand/Bharat Kamal,0e05fb8a-7a45-4c7f-9316-5a52975f4a93,18420,11,https://yaysfbsmvtyqpbfhxstj.supabase.co/storage/v1/object/public/songs/radhakrishn/Krishna%20Teri%20Ho%20Gyi.mp3,2025-01-11 09:50:07.79669+00,https://yaysfbsmvtyqpbfhxstj.supabase.co/storage/v1/object/public/songs/radhakrishn/images/Krishna%20Teri%20Ho%20Gyi.jpg,509a1963-7f7a-4f9d-b8dd-138642354224,krishna,,,false,,161.4990234,"[0.24900959432125092,0.40588465332984924,0.261335551738739,0.3620118796825409,0.3499009311199188,0.22480469942092896,0.29377156496047974,0.24106183648109436,0.41051849722862244,0.25076135993003845,0.23949499428272247,0.254345566034317]",2093.401512,2205.977195,"[20.440510628544576,16.684371087089342,20.77787846066386,22.641177882880477,23.447351367553523,25.242420042774892,48.08669096180752]",0.012641865,0.100125384,0.162411556,"[-145.8309783935547,97.78522491455078,-3.8982222080230713,15.581696510314941,3.2053401470184326,-1.6135388612747192,-3.420078754425049,0.208771213889122,-4.231159687042236,1.6995489597320557,-6.699969291687012,0.4900713264942169,-12.630223274230957,1.0145769119262695,-15.146977424621582,-0.8728002309799194,1.780808448791504,-2.7756731510162354,-1.3429361581802368,2.616299629211426]",,0,77634ddb-017e-4ea4-9c95-ee3127345dae,,2020,0.7,0.6,0.7,0.2,0.05,,,,,
20ce0a0a-a32a-428f-b83c-720006d42860,Call Out My Name,The Weeknd,56dbced7-3584-44fc-85a8-3b08f6e1a382,13680,3,https://yaysfbsmvtyqpbfhxstj.supabase.co/storage/v1/object/public/songs/Call%20Out%20My%20Name.mp3,2024-12-19 05:14:36.761384+00,,fa23cce1-1212-4366-b679-9a55fa87dc67,r&b,true,,false,,,,,,,,,,,,0,,,2020,0.65,0.45,0.7,0.15,0.05,,,,,
214e1f86-6313-4f05-958b-1a00e1ecf59d,Scared Of Loving You,"Selena Gomez, benny blanco",,,,https://resonance-bucket-1.s3.us-east-005.backblazeb2.com/songs/Scared+Of+Loving+You.mp3,2025-05-01 03:00:28.745982+00,https://resonance-bucket-1.s3.us-east-005.backblazeb2.com/images/Scared+Of+Loving+You.jpg,fdbb9701-e667-41ff-8f11-b774c2e5bbb5,,,,false,,,,,,,,,,,,0,9fc41d15-f0aa-42ad-9c64-39495adee508,,,,,,,,,,,,
245ef8ed-0031-4404-bd7a-4d8b55b416f9,Beggin',Måneskin,27cdf5a8-8981-4df6-b6b8-88e13ad806ba,,,https://yaysfbsmvtyqpbfhxstj.supabase.co/storage/v1/object/public/songs/Beggin_.mp3?,2025-03-19 17:31:49.96255+00,https://yaysfbsmvtyqpbfhxstj.supabase.co/storage/v1/object/public/images/Beggin_.jpg?,b6009356-d275-4fa3-bb35-65c2cd4b4efb,rock,,,false,,135.9991776,"[0.375129371881485,0.4136095643043518,0.4337902367115021,0.33207568526268005,0.3472824692726135,0.34276601672172546,0.40062934160232544,0.33692726492881775,0.33839428424835205,0.3299705684185028,0.35467198491096497,0.4920668303966522]",2352.138852,2474.721576,"[20.692959705783117,17.292923661845414,20.162417259301282,18.48436150170166,19.456512222780344,19.62614343574581,46.470312878499264]",0.017924422,0.094491907,0.278531283,"[-50.53363037109375,80.87226867675781,-4.265294075012207,37.37477111816406,7.1922783851623535,0.0031979421619325876,3.7550208568573,0.23723626136779785,-0.55671626329422,3.1249775886535645,-2.4437577724456787,3.8239173889160156,-7.446098804473877,4.063326835632324,-6.912113666534424,-1.4869025945663452,-5.377091407775879,0.28767862915992737,-6.7817702293396,-3.974688768386841]",,0,746037e8-0c1a-4da2-bf19-1a01673adb78,,2021,0.85,0.65,0.7,0.05,0.01,,,,,
2597e32b-69ac-4f81-ad52-63ea8967ac63,CARNIVAL,¥$/Kanye West/Ty Dolla $ign/Rich The Kid/Playboi Carti,27cdf5a8-8981-4df6-b6b8-88e13ad806ba,,,https://yaysfbsmvtyqpbfhxstj.supabase.co/storage/v1/object/public/songs/CARNIVAL.mp3?,2025-03-19 17:31:49.96255+00,https://yaysfbsmvtyqpbfhxstj.supabase.co/storage/v1/object/public/images/CARNIVAL.jpg?,8c657bf9-a5a4-4a95-adea-d14e3a411dfe,hip-hop,,,false,,,,,,,,,,,,0,746037e8-0c1a-4da2-bf19-1a01673adb78,,2022,0.75,0.55,0.7,0.1,0.05,,,,,
25b5cf25-1531-4df2-832b-20817ebd3b35,Whatever It Takes,Imagine Dragons,27cdf5a8-8981-4df6-b6b8-88e13ad806ba,,,https://yaysfbsmvtyqpbfhxstj.supabase.co/storage/v1/object/public/songs/Whatever_It_Takes.mp3?,2025-03-19 17:31:49.96255+00,https://yaysfbsmvtyqpbfhxstj.supabase.co/storage/v1/object/public/images/Whatever_It_Takes.jpg?,112828e3-97aa-4d4c-ad03-062667eb6771,alternative rock,,,false,,135.9991776,"[0.43187081813812256,0.46814072132110596,0.2973521649837494,0.3152346611022949,0.26513755321502686,0.36342495679855347,0.3229987621307373,0.34122103452682495,0.5197150111198425,0.39181262254714966,0.47290414571762085,0.35719648003578186]",2386.324733,2534.783321,"[21.661800696592973,15.654518371274836,19.102291271045964,17.735576942238097,17.649760332662453,17.340841918757366,46.59710081260237]",0.02841959,0.093506197,0.262132108,"[-46.26971435546875,88.21446990966797,-1.7441786527633667,18.04006576538086,7.165372371673584,5.944215297698975,-4.732305526733398,5.445683479309082,-3.820443868637085,0.22857023775577545,-0.015179048292338848,0.9100292921066284,1.6307718753814697,2.238037109375,-0.3701663911342621,4.8303093910217285,-5.188170909881592,-0.060117367655038834,-2.1310606002807617,0.9882501363754272]",,0,746037e8-0c1a-4da2-bf19-1a01673adb78,,2018,0.8,0.6,0.65,0.1,0.02,,,,,
25f49463-66c8-4acd-a8be-7c7df7024db5,Stereo Hearts (feat. Adam Levine),Gym Class Heroes/Adam Levine,27cdf5a8-8981-4df6-b6b8-88e13ad806ba,,,https://yaysfbsmvtyqpbfhxstj.supabase.co/storage/v1/object/public/songs/Stereo_Hearts__feat._Adam_Levine_.mp3?,2025-03-19 17:31:49.96255+00,https://yaysfbsmvtyqpbfhxstj.supabase.co/storage/v1/object/public/images/Stereo_Hearts__feat._Adam_Levine_.jpg?,ef66d985-a4d7-4bfd-b5ee-2ec509ca91e4,pop hip-hop,,,false,,,,,,,,,,,,0,746037e8-0c1a-4da2-bf19-1a01673adb78,,2011,0.75,0.7,0.75,0.15,0.01,,,,,
27e7967b-686d-4c51-b9ba-c851d4c328f8,Lose Yourself,Eminem,27cdf5a8-8981-4df6-b6b8-88e13ad806ba,,,https://yaysfbsmvtyqpbfhxstj.supabase.co/storage/v1/object/public/songs/Lose_Yourself.mp3?,2025-03-19 17:31:49.96255+00,https://yaysfbsmvtyqpbfhxstj.supabase.co/storage/v1/object/public/images/Lose_Yourself.jpg?,97f9be47-24f3-451d-ac84-670e05804377,hip-hop,,,false,,172.265625,"[0.46879521012306213,0.568773627281189,0.7269849181175232,0.5226625800132751,0.4729600250720978,0.42186975479125977,0.34278979897499084,0.3474152684211731,0.39409396052360535,0.487449049949646,0.43374308943748474,0.3998451232910156]",2090.995878,2161.210465,"[21.6044992093128,16.297744627949395,18.80410609620908,19.57282645914189,18.373272092348795,20.074448290601275,46.58721465046403]",0.019396214,0.093288251,0.28061974,"[-76.80286407470703,97.2226333618164,-11.703338623046875,34.44242858886719,14.427955627441406,5.960768699645996,10.657337188720703,12.17235279083252,-2.1426801681518555,9.285025596618652,1.0039726495742798,4.1649489402771,4.92438268661499,3.4567344188690186,-0.9018382430076599,1.630489468574524,-7.166482925415039,1.3869290351867676,-3.4143755435943604,2.033609628677368]",,0,746037e8-0c1a-4da2-bf19-1a01673adb78,,2010,0.85,0.5,0.7,0.05,0.02,,,,,
2835f874-e5d3-4587-9a94-7db24c4b7887,Monica - Demo,Imagine Dragons,bc3edb05-3f78-45f4-a0fa-288131b62571,,,https://yaysfbsmvtyqpbfhxstj.supabase.co/storage/v1/object/public/songs/Monica - Demo.mp3?,2025-03-18 13:55:13.037066+00,https://yaysfbsmvtyqpbfhxstj.supabase.co/storage/v1/object/public/images/Monica - Demo.jpg?,8a13e669-be3b-4bd0-8889-557096575e4a,alternative rock,,,false,,107.6660156,"[0.32297512888908386,0.2830410599708557,0.3202136754989624,0.3870525658130646,0.4854971766471863,0.3731370270252228,0.37684473395347595,0.3895888924598694,0.3089584708213806,0.3635021448135376,0.3572699725627899,0.4117662012577057]",1690.197061,1992.569158,"[24.1802555817506,16.121356641345077,19.02768443887397,17.74154010098566,18.27139716280503,17.738373160249704,48.45070290578596]",0.010833477,0.067391675,0.230107948,"[-102.8339614868164,113.87125396728516,-8.32165241241455,25.50232696533203,5.184338092803955,10.823880195617676,-7.94878625869751,4.46580171585083,-9.133379936218262,-4.5328545570373535,-2.6087071895599365,-0.2913278639316559,-1.7710527181625366,-3.926422119140625,-8.573796272277832,3.6481893062591553,-4.807943344116211,-6.228392601013184,-1.7097904682159424,-2.6446359157562256]",,0,,,2018,0.8,0.6,0.65,0.1,0.02,,,,,
28b4cfe3-e6fb-4ba4-b19b-3ebc6222a3e7,Repeat After Me (Interlude),The Weekend,d5ae8b55-828e-4f4d-beec-d4db56eb19fd,13500,14,https://yaysfbsmvtyqpbfhxstj.supabase.co/storage/v1/object/public/songs/Repeat%20After%20Me%20(Interlude).mp3,2024-12-01 18:33:43.637226+00,,a8119e9a-a20c-4fc8-be4a-182a405a5458,r&b,,,false,,95.703125,"[0.45851048827171326,0.296050488948822,0.4940584599971771,0.36381787061691284,0.4961976110935211,0.36266428232192993,0.33428457379341125,0.41811877489089966,0.34162038564682007,0.3966349959373474,0.26128074526786804,0.4126910865306854]",1891.649202,2169.781814,"[21.943910434829128,16.16014331396731,18.984388528884725,18.954961965854288,19.122007011148245,18.552029303178927,50.76915571867217]",0.013382827,0.074155822,0.092403986,"[-176.22329711914062,109.34390258789062,-6.174027442932129,15.10758113861084,-2.4018118381500244,9.060791969299316,-4.780019283294678,7.210880756378174,-4.805778980255127,7.189502716064453,-0.1609410047531128,1.2974658012390137,-3.0246474742889404,5.396204471588135,-2.1130318641662598,1.678396463394165,-4.07803201675415,1.1890679597854614,-1.6936023235321045,3.2949905395507812]",,0,,,2020,0.65,0.45,0.7,0.15,0.05,,,,,
2a0c4ec6-a8db-4a6f-9ba5-1811ae903a43,A Dreamer's Rap,Aniket Raturi/Escape Sequence,27cdf5a8-8981-4df6-b6b8-88e13ad806ba,,,https://yaysfbsmvtyqpbfhxstj.supabase.co/storage/v1/object/public/songs/A_Dreamer_s_Rap.mp3?,2025-03-19 17:31:49.96255+00,https://yaysfbsmvtyqpbfhxstj.supabase.co/storage/v1/object/public/images/A_Dreamer_s_Rap.jpg?,c5cda762-7e1a-4572-a762-b91d05af1df4,pop,,,false,,161.4990234,"[0.518197774887085,0.4830133318901062,0.4589325785636902,0.43843400478363037,0.41298526525497437,0.5160313248634338,0.3301134407520294,0.3384398818016052,0.3815532326698303,0.31102877855300903,0.3440232574939728,0.34670907258987427]",2361.975157,2532.058489,"[28.516984174986582,15.51560471692892,16.737593437739022,16.517276615595154,18.054222852680947,17.30181404644933,46.83833537641798]",0.019552944,0.095223007,0.202064782,"[-85.46100616455078,97.3077392578125,-3.2732033729553223,-0.9136713743209839,4.932806491851807,0.1470789760351181,-1.5068110227584839,8.385051727294922,-6.058548450469971,4.0824174880981445,1.369617223739624,0.7042886018753052,-4.856008529663086,1.868112564086914,-1.8477987051010132,-0.48309099674224854,-4.401708126068115,0.7432424426078796,-1.8718361854553223,3.637808084487915]",,0,746037e8-0c1a-4da2-bf19-1a01673adb78,,2020,0.7,0.6,0.7,0.2,0.05,,,,,
2a93e3c6-19d4-4f45-bdd4-ab11404d46bb,Riding the Blues,"Snowy White,The White Flames",37be7979-1f2c-4001-9a57-b951b79778d6,13620,3,https://yaysfbsmvtyqpbfhxstj.supabase.co/storage/v1/object/public/songs/Riding%20the%20Blues.mp3,2025-01-16 08:34:10.468363+00,eCdNDhWLeDSKt3TUzfCqUi.jpg (1280Ã—720),fadc930b-35e7-48fa-ba27-4c37df652232,british blues,,,false,,129.1992188,"[0.41141122579574585,0.27195531129837036,0.3457617461681366,0.3239261209964752,0.6008944511413574,0.31353461742401123,0.31304508447647095,0.4225512146949768,0.2635035812854767,0.2624951899051666,0.208602175116539,0.3864310681819916]",1481.522426,1749.865989,"[22.25254778956465,17.928699152615422,21.21191462315429,21.101849738164915,22.887635868927898,20.709624347659805,47.747783320526786]",0.00808878,0.075802926,0.174139425,"[-123.55235290527344,133.86070251464844,-15.910016059875488,29.307506561279297,13.936910629272461,6.023698806762695,-5.462222099304199,0.5976427793502808,0.029200593009591103,-1.3032702207565308,-1.0857075452804565,1.9469914436340332,-7.573053359985352,-4.850959300994873,-2.215815782546997,-3.2914912700653076,-7.4511494636535645,-2.950331211090088,-2.3953917026519775,0.9775997996330261]",,0,42a848b5-fae8-4038-849f-b38b72aa545c,,2000,0.6,0.5,0.55,0.4,0.2,,,,,
2af5b880-c6cb-4896-9406-b0ca94a6a538,Handlebars (feat. Dua Lipa) - JENNIE,Dua Lipa,,,,https://yaysfbsmvtyqpbfhxstj.supabase.co/storage/v1/object/public/songs/Handlebars (feat. Dua Lipa) - JENNIE.mp3?,2025-03-18 10:53:31.171825+00,https://yaysfbsmvtyqpbfhxstj.supabase.co/storage/v1/object/public/images/Handlebars (feat. Dua Lipa) - JENNIE.jpg?,13ca7670-0059-4c27-be3d-62846682cfb3,pop,,,false,,151.9990809,"[0.30191755294799805,0.3817824423313141,0.47079095244407654,0.34643927216529846,0.4208252727985382,0.33452677726745605,0.4451192319393158,0.3495394289493561,0.34520503878593445,0.4481656849384308,0.3325663208961487,0.40487074851989746]",2569.0727,2670.75263,"[22.24404868498614,15.322148693117157,18.983456808193992,19.082793338057296,19.26770966305606,19.071519051858644,47.114471493504105]",0.022888774,0.106514857,0.305464387,"[-34.36400604248047,79.43595886230469,-2.2790331840515137,9.58127212524414,2.948031425476074,7.327829837799072,3.1195738315582275,1.3979418277740479,2.465444564819336,9.969460487365723,-0.9351497888565063,8.328817367553711,-0.2655644714832306,6.761418342590332,0.5009462237358093,1.8155235052108765,3.67991042137146,0.9743223786354065,2.616788864135742,4.428489685058594]",,0,,,2024,0.75,0.65,0.8,0.1,0.01,,,,,
2b94f4d3-c00d-4f00-8040-19e047ea6137,Off My Face,Justin Bieber,c2db778d-b597-4ccf-b21f-9d5a5a3544ba,9360,6,https://yaysfbsmvtyqpbfhxstj.supabase.co/storage/v1/object/public/songs/Off%20My%20Face.mp3,2024-12-19 11:21:18.984227+00,https://yaysfbsmvtyqpbfhxstj.supabase.co/storage/v1/object/sign/artists/justin%20bieber/justice.png?token=eyJhbGciOiJIUzI1NiIsInR5cCI6IkpXVCJ9.eyJ1cmwiOiJhcnRpc3RzL2p1c3RpbiBiaWViZXIvanVzdGljZS5wbmciLCJpYXQiOjE3MzY3NDUxNDcsImV4cCI6NDg5MDM0NTE0N30.VdhHBCJVQexORqxW_cyjF_ik0t-G87uhVd05uoeHzuw&t=2025-01-13T05%3A12%3A26.868Z,a8451985-e1af-419b-a03c-f718f5b097e0,pop,true,"
[00:10.93] One touch and you got me stoned
[00:13.40] Higher than I've ever known
[00:15.93] You call the shots and I follow
[00:21.10] Sunrise, but the night still young
[00:23.72] No words, but we speak in tongues
[00:26.30] If you let me, I might say too much
[00:31.44] Your touch blurred my vision
[00:34.24] It's your world and I'm just in it
[00:36.51] Even sober I'm not thinkin' straight
[00:41.60] 'Cause I'm off my face, in love with you
[00:46.48] I'm out my head, so into you
[00:51.66] And I don't know how you do it
[00:54.59] But I'm forever ruined by you, ooh-ooh-ooh
[01:02.97] Can't sleep 'cause I'm way too buzzed
[01:05.56] Too late, now you're in my blood
[01:08.30] I don't hate the way you keep me up
[01:13.50] Your touch blurred my vision
[01:16.20] It's your world and I'm just in it
[01:18.33] Even sober I'm not thinkin' straight
[01:23.18] 'Cause I'm off my face, in love with you
[01:28.27] I'm out my head, so into you
[01:33.44] And I don't know how you do it
[01:36.36] But I'm forever ruined by you, ooh-ooh-ooh
[01:44.15] Ooh, ooh-ooh, ooh-ooh-ooh-ooh
[01:52.14] Ooh-ooh-ooh
[01:54.80] Ooh, ooh-ooh, ooh-ooh-ooh-ooh
[02:02.86] Ooh-ooh-ooh
[02:04.61] 'Cause I'm off my face, in love with you
[02:10.10] I'm out my head, so into you
[02:15.13] And I don't know how you do it
[02:18.18] But I'm forever ruined by you, ooh-ooh-ooh
[02:25.21] By you, ooh-ooh-ooh
[02:31.17]",false,,123.046875,"[0.19995947182178497,0.19864310324192047,0.13653439283370972,0.30223873257637024,0.31313595175743103,0.1525319665670395,0.2627960741519928,0.17633217573165894,0.29582539200782776,0.1896355003118515,0.1974678337574005,0.27012696862220764]",1696.799208,2271.181161,"[25.5249417121842,20.91283565467447,24.758737336522756,24.28495752317728,22.90955194180304,21.873009610939647,46.56159252746982]",0.004147667,0.055857869,0.232743666,"[-167.16104125976562,110.30774688720703,24.466703414916992,10.807406425476074,6.453189373016357,-15.397624015808105,-4.588162422180176,-2.7387397289276123,-10.624234199523926,-7.1808271408081055,-13.703367233276367,-3.166457176208496,-10.925939559936523,-11.769322395324707,-5.118919849395752,-12.586935997009277,-9.160919189453125,-0.6205630302429199,-12.789122581481934,-0.20039954781532288]",,0,,,2021,0.6,0.7,0.75,0.25,0.01,,,,,
2c91d970-2f0c-4b01-8e67-a9bda2a4f95d,Radha Kaise Na Jale,Sumedh Mudgalkar/Bharat Kamal/Mohit Lalwani/Ambika Devi/Prateeksha Srivastava,0e05fb8a-7a45-4c7f-9316-5a52975f4a93,20040,7,https://yaysfbsmvtyqpbfhxstj.supabase.co/storage/v1/object/public/songs/radhakrishn/Radha%20Kaise%20Na%20Jale.mp3,2025-01-11 09:50:07.79669+00,https://yaysfbsmvtyqpbfhxstj.supabase.co/storage/v1/object/public/songs/radhakrishn/images/Radha%20Kaise%20Na%20Jale.jpg,45af54d6-14f2-4e9b-a8b6-1332232e00b4,krishna,,"[00:40.78] मधुबन में जो कन्हैया किसी गोपी से मिले
[00:45.63] कभी मुस्काए, कभी छेड़े, कभी बात करे
[00:50.35] राधा कैसे ना जले? राधा कैसे ना जले?
[00:55.26] आग तन-मन में लगे
[00:57.62] राधा कैसे ना जले? राधा कैसे ना जले?
[01:04.13] 
[01:06.26] मधुबन में भले कान्हा किसी गोपी से मिले
[01:11.06] मन में तो राधा के ही प्रेम के हैं फूल खिले
[01:15.83] किस लिए राधा जले? (होय), किस लिए राधा जले? (होय)
[01:20.89] बिना सोचे-समझे (होय) किस लिए राधा जले? (किस लिए राधा जले?)
[01:30.09] 
[01:53.74] हो, गोपियाँ तारे हैं, चाँद है राधा
[01:59.70] फिर क्यूँ है उसको बिस्वास आधा?
[02:05.83] हो, गोपियाँ तारे हैं, चाँद है राधा
[02:11.85] फिर क्यूँ है उसको बिस्वास आधा
[02:16.49] कान्हा जी का जो सदा इधर-उधर ध्यान रहे
[02:21.46] राधा बेचारी को फिर अपने पे क्या मान रहे?
[02:25.73] गोपियाँ आनी-जानी हैं
[02:28.24] राधा तो मन की रानी है
[02:30.78] गोपियाँ आनी-जानी हैं
[02:33.15] राधा तो मन की रानी है
[02:35.36] साँझ-सखारे, जमुना किनारे
[02:38.07] ""राधा, राधा,"" ही कान्हा पुकारे
[02:40.22] ओय-होय, ओय-होय
[02:42.02] बाँहों के हार जो डाले कोई कान्हा के गले
[02:46.72] राधा कैसे ना जले? राधा कैसे ना जले?
[02:51.64] आग तन-मन में लगे
[02:54.17] राधा कैसे ना जले? राधा कैसे ना जले?
[03:00.56] 
[03:41.23] मन में है राधे को कान्हा जो बसाए
[03:46.12] तो कान्हा काहे को उसे ना बताए?
[03:51.04] प्रेम की अपनी अलग बोली, अलग भासा है
[03:55.81] बात नैनों से हो, कान्हा की यही आसा है
[04:00.37] कान्हा के ये जो नैनाँ हैं
[04:02.72] जिनमें गोपियों के चैनाँ हैं
[04:05.14] कान्हा के ये जो नैनाँ हैं
[04:07.73] जिनमें गोपियों के चैनाँ हैं
[04:09.99] मिली नजरिया, हुई बावरिया
[04:12.35] गोरी-गोरी सी कोई गुजरिया
[04:15.30] कान्हा का प्यार किसी गोपी के मन में जो पले
[04:20.05] किस लिए राधा जले, राधा जले, राधा जले?
[04:24.99] राधा कैसे ना जले? (किस लिए राधा जले?)
[04:34.58] राधा कैसे ना जले? (किस लिए राधा जले?)
[04:44.28] किस लिए राधा जले?
[04:46.79] राधा कैसे ना जले? (किस लिए राधा जले?)
[04:51.71] किस लिए राधा जले?
[04:55.50] 
[05:23.03] राधा कैसे ना जले?
[05:25.68] राधा कैसे ना जले?
[05:27.96] राधा कैसे ना जले?
[05:30.69] ",false,,99.38401442,"[0.2826087772846222,0.28691643476486206,0.4365209937095642,0.3084602355957031,0.3206120729446411,0.2814333736896515,0.29578810930252075,0.3108755350112915,0.3094627857208252,0.45432108640670776,0.26968371868133545,0.27138176560401917]",2689.706826,2651.94867,"[18.67530268819292,14.56766275606983,19.636875102202737,20.83316307867497,20.56959343429548,21.427745425267176,51.52368631543823]",0.020624442,0.143168988,0.118953064,"[-153.25477600097656,75.60819244384766,6.247890949249268,15.798426628112793,8.699745178222656,4.409229278564453,4.630340576171875,-0.5613505840301514,-5.233826637268066,6.201397895812988,-7.981658935546875,3.4910693168640137,-3.0207817554473877,1.7287333011627197,0.3886829614639282,2.5181636810302734,-2.4953665733337402,4.852553844451904,0.1494596004486084,-2.850846529006958]",,0,77634ddb-017e-4ea4-9c95-ee3127345dae,,2020,0.7,0.6,0.7,0.2,0.05,"If Kanhaiya meets any Gopi in Madhuban

Sometimes he smiles, sometimes he teases, sometimes he talks

How can Radha not be jealous? How can Radha not be jealous?

If fire burns in body and mind

How can Radha not be jealous? How can Radha not be jealous?

Even if Kanha meets any Gopi in Madhuban

In heart flowers of Radha's love bloom

Why should Radha burn? (Yes), why should Radha burn? (Yes)

Without thinking (Yes) Why should Radha burn? (Why should Radha burn?)

Yes, Gopis are stars, Radha is the moon

Then why does she have half faith?

Yes, Gopis are stars, Radha is the moon

Then why does she have half faith

When Kanha ji's attention is always here and there

Then what does poor Radha think of herself?

Gopis come and go

Radha is the queen of the heart

Gopis come and go

Radha is the queen of the heart

In the evening, friends, on the banks of river Yamuna

""Radha, Radha,"" is all Krishna calls out

Oye-hoy, Oye-hoy

If someone puts a garland of arms around Krishna's neck

How can Radha not be jealous? How can Radha not be jealous?

Fire burns in the body and mind

How can Radha not be jealous? How can Radha not be jealous?

If Krishna has made Radha live in his heart

Why should Krishna not tell her?

Love has its own dialect, different language

Kanha's wish is that we speak through the eyes

These eyes of Kanha

In which the eyes of the gopis are there

These eyes of Kanha

In which the eyes of the gopis are there

When their eyes met, they went mad

Some fair-skinned Gujariya

The love of Kanha that grew in the heart of some gopi

Why should Radha burn, Radha burn, Radha burn?

How should Radha not be jealous? (Why should Radha not be jealous?)

How should Radha not be jealous? (Why should Radha not be jealous?)

Why should Radha not be jealous?

How should Radha not be jealous? (Why should Radha not be jealous?)

Why should Radha not be jealous?

How should Radha not be jealous?",,,,
2decff14-a7fd-4c11-87d9-8dc2f0ea3a94,Desperado,Raghav/Tesher,27cdf5a8-8981-4df6-b6b8-88e13ad806ba,,,https://yaysfbsmvtyqpbfhxstj.supabase.co/storage/v1/object/public/songs/Desperado.mp3?,2025-03-19 17:31:49.96255+00,https://yaysfbsmvtyqpbfhxstj.supabase.co/storage/v1/object/public/images/Desperado.jpg?,8343a606-2c7e-4596-ad14-b172a1f8ed84,pop bhangra,,,false,,99.38401442,"[0.3467808961868286,0.43545255064964294,0.42562106251716614,0.3284866511821747,0.41867247223854065,0.380266398191452,0.4730531573295593,0.4082423746585846,0.3768581449985504,0.372041791677475,0.3808591365814209,0.43264201283454895]",2281.920849,2397.644573,"[24.142685073317562,16.04659435188944,19.807394403391108,18.48157384613753,18.683337404295816,18.619681643445443,47.62214393925151]",0.021755436,0.096092951,0.255103439,"[-73.20616912841797,86.37559509277344,-11.362950325012207,19.264049530029297,-1.0995548963546753,5.796693801879883,-3.370331048965454,-0.25901326537132263,-1.800298810005188,3.252913236618042,2.9014925956726074,0.9974591732025146,-0.9424965381622314,2.65047025680542,-1.364517092704773,-0.009319880977272987,-4.17850923538208,2.195058822631836,-0.2908019721508026,3.275503635406494]",,0,746037e8-0c1a-4da2-bf19-1a01673adb78,,2023,0.8,0.75,0.85,0.1,0.01,,,,,
2fb26073-29df-4b7b-9935-bfafc5881f42,Get Lost,Awhimai Fraser/Disney,6fc7a1e8-41f9-4e37-8ea5-6e0b2d8d4a74,11280,11,https://yaysfbsmvtyqpbfhxstj.supabase.co/storage/v1/object/public/songs/Get%20Lost.mp3,2024-12-19 18:06:15.278825+00,,12b751a6-68a2-492c-b569-b59a7166e6de,soundtrack,,,false,,129.1992188,"[0.323943555355072,0.2967577874660492,0.24166369438171387,0.29231101274490356,0.2838898003101349,0.3663528859615326,0.2881639897823334,0.2532415986061096,0.2817983329296112,0.3334006369113922,0.4069410264492035,0.28409576416015625]",2039.677009,2227.544196,"[19.57494396706752,15.603336245057113,18.761689952107837,19.499836456567383,18.992445769099188,19.50096897891465,48.49941469355728]",0.041351512,0.088098919,0.177524492,"[-123.53315734863281,97.3008041381836,-4.770686149597168,18.591829299926758,1.548078179359436,2.632300853729248,0.44558006525039673,2.109696388244629,-5.7176666259765625,5.179233551025391,-9.253737449645996,0.993212103843689,-4.2619123458862305,0.1850171685218811,-2.4557971954345703,1.643418312072754,-3.481865167617798,-1.3452656269073486,-4.2871551513671875,0.7030113935470581]",,0,,,2022,0.65,0.75,0.7,0.25,0.01,,,,,
301dd434-51db-4827-9765-b34eb567e5b5,Somebody,The Weekend,d5ae8b55-828e-4f4d-beec-d4db56eb19fd,13500,8,https://yaysfbsmvtyqpbfhxstj.supabase.co/storage/v1/object/public/songs/Somebody.mp3,2024-12-01 18:33:43.637226+00,,b1016025-ccfd-45c2-ab9a-0c6ab58b5af4,r&b,,,false,,151.9990809,"[0.36724746227264404,0.4268682897090912,0.5851625800132751,0.4181322753429413,0.4677083492279053,0.3454834818840027,0.4081535041332245,0.45498502254486084,0.3320119082927704,0.4535257816314697,0.3279184103012085,0.41195952892303467]",2232.269502,2529.352692,"[21.06804188316819,14.839812135059859,18.808755368041798,18.984693429948745,18.66923228886,17.645311338677416,47.48018529690109]",0.017209291,0.079917655,0.299960226,"[-36.41145324707031,91.3312759399414,7.053374290466309,28.73731803894043,7.7801833152771,11.384023666381836,1.827370524406433,10.67074203491211,0.9676521420478821,5.016639232635498,0.08311069011688232,7.9288434982299805,-0.44006115198135376,4.141084671020508,-0.010784928686916828,5.07790470123291,0.06890924274921417,5.864989757537842,-0.24043026566505432,2.58215069770813]",,0,,,2020,0.65,0.45,0.7,0.15,0.05,,,,,
30472b4c-5bdb-4eb3-ad0a-946697041e41,Can't Help Falling in Love,Elvis Presley,37be7979-1f2c-4001-9a57-b951b79778d6,10800,9,https://yaysfbsmvtyqpbfhxstj.supabase.co/storage/v1/object/public/songs/Can't%20Help%20Falling%20in%20Love.mp3,2025-01-16 08:34:10.468363+00,https://yaysfbsmvtyqpbfhxstj.supabase.co/storage/v1/object/public/images/Can't%20Help%20Falling%20in%20Love.jpg,0f8bd9cf-9a7d-4f13-a6fc-fcb91d13a1a1,"rock-and-roll,rockabilly",,,false,,103.359375,"[0.24278829991817474,0.42399290204048157,0.3797214925289154,0.21974098682403564,0.21612080931663513,0.2562921941280365,0.45679351687431335,0.28992965817451477,0.24421702325344086,0.31930094957351685,0.21424105763435364,0.24622252583503723]",1503.234268,1993.548445,"[22.446305461005778,16.821655820489983,21.911936612970454,19.211959263765877,18.546441588037805,17.710962190167393,48.74088393737179]",0.011807772,0.054002664,0.124362007,"[-166.56527709960938,125.44939422607422,5.838950157165527,27.38705825805664,-2.5819787979125977,2.0682032108306885,-12.462944984436035,-2.6431350708007812,-23.806304931640625,-12.690668106079102,-13.776246070861816,-5.969438552856445,-7.175257682800293,-0.3093617558479309,-8.395706176757812,-0.1276293694972992,-3.774000883102417,-5.369296073913574,-2.158578395843506,-3.7915520668029785]",,0,42a848b5-fae8-4038-849f-b38b72aa545c,,1961,0.6,0.7,0.65,0.3,0.01,,,,,
30898c00-b872-4b91-8249-3db7ab8429db,Lay All Your Love On Me,ABBA,37be7979-1f2c-4001-9a57-b951b79778d6,16800,25,https://yaysfbsmvtyqpbfhxstj.supabase.co/storage/v1/object/public/songs/Lay%20All%20Your%20Love%20On%20Me.mp3,2025-01-16 08:34:10.468363+00,https://yaysfbsmvtyqpbfhxstj.supabase.co/storage/v1/object/public/images/Lay%20All%20Your%20Love%20On%20Me.jpg,d7c41b47-22c3-4b19-8040-345a7aad2f2d,"europop,swedish pop",,,false,,135.9991776,"[0.391615092754364,0.4149017930030823,0.5301845073699951,0.3622574210166931,0.4719138443470001,0.5371125340461731,0.3159143626689911,0.3241237699985504,0.3024109899997711,0.42713963985443115,0.2685962915420532,0.25911933183670044]",1979.285685,2205.519412,"[23.211399781989883,14.6830232956677,18.544507211344303,18.31156678092166,18.487463237686068,18.525958168785113,47.279469769022406]",0.035761144,0.08897175,0.127003416,"[-128.90170288085938,103.55857849121094,-7.739264011383057,25.604324340820312,-0.4736260175704956,11.044479370117188,4.989129543304443,3.707632541656494,-2.584211587905884,4.670641899108887,-1.3064508438110352,6.80752420425415,-7.419720649719238,0.775916576385498,-3.584641933441162,-2.060551404953003,-1.4897669553756714,0.44140535593032837,-3.4215965270996094,3.48944354057312]",,0,42a848b5-fae8-4038-849f-b38b72aa545c,,1980,0.7,0.75,0.8,0.15,0.01,,,,,
30a96584-fe51-4ebb-8314-349c5b0c49ac,Godzilla (feat. Juice WRLD),Eminem/Juice WRLD,27cdf5a8-8981-4df6-b6b8-88e13ad806ba,,,https://yaysfbsmvtyqpbfhxstj.supabase.co/storage/v1/object/public/songs/Godzilla__feat._Juice_WRLD_.mp3?,2025-03-19 17:31:49.96255+00,https://yaysfbsmvtyqpbfhxstj.supabase.co/storage/v1/object/public/images/Godzilla__feat._Juice_WRLD_.jpg?,130bbf57-a77a-4f18-b40f-d1962b802d40,hip-hop,,,false,,161.4990234,"[0.4426570534706116,0.46046212315559387,0.41524413228034973,0.47394803166389465,0.5003569722175598,0.5647038817405701,0.5170202255249023,0.43359673023223877,0.41057655215263367,0.42621225118637085,0.4885675311088562,0.4210762679576874]",2591.122867,2511.048795,"[21.32425001918392,15.307232288133108,18.076555729335656,16.508567523896275,17.55836654518026,18.290319202389835,47.49399555904712]",0.029717717,0.113911891,0.265701115,"[-44.99186325073242,84.16696166992188,0.2922044098377228,18.34286117553711,3.153616428375244,6.378325939178467,-6.174352169036865,3.323347330093384,-11.234424591064453,1.2890558242797852,0.6506252288818359,1.716720700263977,0.1107897162437439,2.8513126373291016,-0.7701411843299866,4.034352779388428,-7.261447429656982,4.461438179016113,-3.9276490211486816,-3.0461254119873047]",,0,746037e8-0c1a-4da2-bf19-1a01673adb78,,2010,0.85,0.5,0.7,0.05,0.02,,,,,
31a35ee6-2cff-40fc-9c1c-23510eccbf17,Radioactive,Imagine Dragons/Kendrick Lamar,27cdf5a8-8981-4df6-b6b8-88e13ad806ba,,,https://yaysfbsmvtyqpbfhxstj.supabase.co/storage/v1/object/public/songs/Radioactive.mp3?,2025-03-19 17:31:49.96255+00,https://yaysfbsmvtyqpbfhxstj.supabase.co/storage/v1/object/public/images/Radioactive.jpg?,ed5e6cb9-1169-4904-a41f-c179c579c7d2,alternative rock,,,false,,135.9991776,"[0.3678605854511261,0.39261722564697266,0.407939076423645,0.37969934940338135,0.4658830165863037,0.34560510516166687,0.43075498938560486,0.3302355706691742,0.40878742933273315,0.4985642433166504,0.41649043560028076,0.5401627421379089]",2190.419941,2293.458352,"[17.01195413586208,14.094916051304864,17.83128501725137,17.896195670470135,18.036082093106625,17.67422866321844,47.91024132195875]",0.025581416,0.103138233,0.304266095,"[-22.377710342407227,98.29270935058594,-12.746517181396484,24.284963607788086,3.0657894611358643,6.745755195617676,-1.7690346240997314,8.861876487731934,-3.3629422187805176,3.864835262298584,-1.2283599376678467,3.2496819496154785,-0.15870513021945953,3.281724691390991,-1.0407228469848633,3.097257614135742,-5.014753818511963,-0.05154133215546608,-1.747279167175293,0.34492501616477966]",,0,746037e8-0c1a-4da2-bf19-1a01673adb78,,2018,0.8,0.6,0.65,0.1,0.02,,,,,
3213e959-0e52-4f1a-9396-b8c872c619da,Destroyed - Demo,Imagine Dragons,bc3edb05-3f78-45f4-a0fa-288131b62571,,,https://yaysfbsmvtyqpbfhxstj.supabase.co/storage/v1/object/public/songs/Destroyed - Demo.mp3?,2025-03-18 13:55:13.037066+00,https://yaysfbsmvtyqpbfhxstj.supabase.co/storage/v1/object/public/images/Destroyed - Demo.jpg?,67f79aec-1c80-426c-808a-0bb075043c25,alternative rock,,,false,,143.5546875,"[0.4826504588127136,0.33524197340011597,0.4018416106700897,0.37958940863609314,0.5646264553070068,0.39184805750846863,0.2290993183851242,0.3800361752510071,0.28027454018592834,0.26895496249198914,0.24096663296222687,0.3480461835861206]",1435.714186,1859.463612,"[25.0060810647189,16.13163340513098,20.010262534546143,18.40830110908189,19.305929370390942,18.173070507323786,44.736356439227485]",0.013847276,0.052595739,0.23296985,"[-132.27761840820312,118.03324890136719,25.489849090576172,27.181528091430664,14.477991104125977,12.08425235748291,-0.7982582449913025,2.572538375854492,-1.599663496017456,0.9159670472145081,0.697520911693573,3.931171417236328,-0.21818266808986664,-0.6337928771972656,-2.5718064308166504,-0.2312709242105484,-2.8426969051361084,-2.3259170055389404,-1.0466322898864746,2.3374292850494385]",,0,,,2018,0.8,0.6,0.65,0.1,0.02,,,,,
332c7418-72e4-45e6-ab5b-c4df4ddf4b85,Mere Paas Tum Raho,Mr. $even/Abby Viral,0e05fb8a-7a45-4c7f-9316-5a52975f4a93,13200,10,https://yaysfbsmvtyqpbfhxstj.supabase.co/storage/v1/object/public/songs/radhakrishn/Mere%20Paas%20Tum%20Raho.mp3,2025-01-11 09:50:07.79669+00,https://yaysfbsmvtyqpbfhxstj.supabase.co/storage/v1/object/public/songs/radhakrishn/images/Mere%20Paas%20Tum%20Raho.jpg,90ac54ff-3c97-454e-a175-954c12b36cc4,krishna,,"[00:24.72] मैं जब जहाँ जाऊँ, तुम्हें साथ ही पाऊँ
[00:32.49] तुम से अलग, राधे, कैसे मैं रह पाऊँ?
[00:39.44] मेरे पास तुम रहो, मेरे पास ही रहो
[00:47.03] राधे, पास तुम रहो, मेरे पास ही रहो
[00:54.77] मेरे पास तुम रहो, मेरे पास ही रहो
[01:02.22] राधे, पास तुम रहो, मेरे पास ही रहो
[01:10.88] 
[01:25.83] मेरी देह में, मेरे प्राण में, मेरी बाँसुरी की तान में
[01:40.95] मेरी देह में, मेरे प्राण में, मेरी बाँसुरी की तान में
[01:48.64] तुम ही तो हो हर श्वास में, मन के अटल विश्वास में
[02:00.30] हर क्षण तुम्हारा ही बस नाम दोहराऊँ
[02:07.99] तुम से अलग, राधे, कैसे मैं रह पाऊँ?
[02:14.99] मेरे पास तुम रहो, मेरे पास ही रहो
[02:22.56] राधे, पास तुम रहो, मेरे पास ही रहो
[02:30.36] मेरे पास तुम रहो, मेरे पास ही रहो
[02:37.73] राधे, पास तुम रहो, मेरे पास ही रहो
[02:47.24] जा रे, जा रे, नटखट कृष्ण कन्हाई
[02:54.85] काहे, ओ-रे, कान्हा, तूने मुरली बजाई?
[02:59.62] बजाई, बजाई
[03:01.98] जब ये मुरलिया बाजे, मन का मयूरा नाचे
[03:05.69] मुझसे रहा ना जाए, कोई जोर चल ना पाए
[03:09.41] बावरी सी मैं हो जाऊँ साँवरी सी तेरी सूरत पे
[03:15.95] ओ-रे, कान्हा रे
[03:20.81] ",false,,112.3471467,"[0.4258154332637787,0.25434640049934387,0.2557932436466217,0.2067931890487671,0.3389161229133606,0.47430646419525146,0.23867344856262207,0.3140198290348053,0.24028493463993073,0.3977124094963074,0.29783979058265686,0.24452264606952667]",2158.917448,2562.929767,"[22.164668638389497,16.786147208661575,21.35996195164806,20.294989505548738,20.507806382894486,20.77954617514114,45.84722308909982]",0.053112153,0.098322457,0.171295628,"[-143.1875457763672,103.69766235351562,19.175371170043945,9.139362335205078,13.450084686279297,-5.504646301269531,-5.4878668785095215,-4.299068927764893,-9.921751022338867,-3.595818281173706,-11.52133846282959,-9.024799346923828,-10.585570335388184,-4.639123916625977,-8.42354679107666,-3.0309855937957764,-9.369820594787598,-0.4311065077781677,-4.5668511390686035,-2.2827343940734863]",,0,77634ddb-017e-4ea4-9c95-ee3127345dae,,2020,0.7,0.6,0.7,0.2,0.05,,,,,
343c12fe-be30-46c7-9a23-66b2a17df2bf,I WANNA BE YOUR SLAVE,Måneskin,27cdf5a8-8981-4df6-b6b8-88e13ad806ba,,,https://yaysfbsmvtyqpbfhxstj.supabase.co/storage/v1/object/public/songs/I_WANNA_BE_YOUR_SLAVE.mp3?,2025-03-19 17:31:49.96255+00,https://yaysfbsmvtyqpbfhxstj.supabase.co/storage/v1/object/public/images/I_WANNA_BE_YOUR_SLAVE.jpg?,1bb24739-b6ee-4a9f-bd4d-2181d9040ec6,rock,,,false,,135.9991776,"[0.36668723821640015,0.5005246996879578,0.4623308479785919,0.4810999631881714,0.4862915277481079,0.4294668436050415,0.4056170880794525,0.43691715598106384,0.5895969867706299,0.4651879072189331,0.3328964412212372,0.32523977756500244]",2656.883059,2538.785229,"[19.63759322521627,15.26618236408777,17.305682958953163,16.691998695377787,17.224724817095332,16.74659407610315,46.57932200834646]",0.045795687,0.125565062,0.275980532,"[-34.000667572021484,71.12602233886719,-4.959347248077393,33.0391960144043,7.347499370574951,9.496501922607422,1.6494346857070923,9.93353271484375,2.5886027812957764,0.6989558935165405,0.36230477690696716,7.4810075759887695,-4.6155266761779785,2.99569034576416,-3.599017381668091,3.399137496948242,-3.6710734367370605,2.984309673309326,-0.43595197796821594,-0.038203250616788864]",,0,746037e8-0c1a-4da2-bf19-1a01673adb78,,2021,0.85,0.65,0.7,0.05,0.01,,,,,
34bc26e4-b023-4f77-b8fa-27cdfcbe4d93,Fear of Heights,Drake,,,,,2025-06-29 09:13:16.401982+00,https://upload.wikimedia.org/wikipedia/en/For_All_the_Dogs.jpg,0d7adfe2-eda1-4b79-bc55-19ad09695ceb,,,,false,,,,,,,,,,,,0,,,,,,,,,,,,,
365fd536-8c8d-414c-90fc-d0506cf36ca8,Can I Get A Chee Hoo?,Dwayne Johnson/Disney,6fc7a1e8-41f9-4e37-8ea5-6e0b2d8d4a74,10440,9,https://yaysfbsmvtyqpbfhxstj.supabase.co/storage/v1/object/public/songs/Can%20I%20Get%20A%20Chee%20Hoo_.mp3,2024-12-19 18:06:15.278825+00,,fdfd567e-e6a6-49f0-b7c5-0a83d7b2af46,soundtrack,,,false,,,,,,,,,,,,0,,,2022,0.65,0.75,0.7,0.25,0.01,,,,,
36e28c29-04ea-4aa5-addb-b1f335a3dc82,Too Late,The Weekend,d5ae8b55-828e-4f4d-beec-d4db56eb19fd,13500,9,https://yaysfbsmvtyqpbfhxstj.supabase.co/storage/v1/object/public/songs/Too%20Late.mp3,2024-12-01 18:33:43.637226+00,,744fe2cc-558d-455f-a6ff-46fd0951ee16,r&b,,,false,,123.046875,"[0.368670254945755,0.32367101311683655,0.41115614771842957,0.31821203231811523,0.4856839179992676,0.31032124161720276,0.42743486166000366,0.5080512166023254,0.36393171548843384,0.4805651307106018,0.3611598610877991,0.5048679709434509]",2346.186322,2371.239683,"[21.577382501377876,15.064692675098573,18.497524920666013,18.34938545857437,18.49084646788187,19.697146226685067,49.31789696779877]",0.023982819,0.098403371,0.102571435,"[-136.0342559814453,87.40998077392578,-18.311426162719727,9.441242218017578,-6.73919677734375,1.9500038623809814,-4.837606430053711,0.9241155982017517,-7.860772609710693,5.838024139404297,-2.0331099033355713,0.029199181124567986,-4.409677028656006,5.319884300231934,-1.8213495016098022,4.69379997253418,1.391144037246704,4.0957841873168945,-0.9855557680130005,7.9111833572387695]",,0,,,2020,0.65,0.45,0.7,0.15,0.05,,,,,
37ff6bdb-9aa7-4783-81ba-36c6f60dc2f0,Escape From LA,The Weekend,d5ae8b55-828e-4f4d-beec-d4db56eb19fd,13500,11,https://yaysfbsmvtyqpbfhxstj.supabase.co/storage/v1/object/public/songs/Escape%20From%20LA.mp3,2024-12-01 18:33:43.637226+00,,2d91dda9-469d-460a-9ddb-4b4dc566efc4,r&b,,,false,,143.5546875,"[0.4408918023109436,0.28767672181129456,0.29461470246315,0.4089651107788086,0.38924503326416016,0.5148200392723083,0.3749949634075165,0.45259085297584534,0.499448299407959,0.3717612624168396,0.41670510172843933,0.31315696239471436]",1869.198579,2232.544285,"[21.990399782412663,16.442683797894023,19.45650480448757,18.37579975274624,18.419491626695727,19.035658049638702,48.42061957727708]",0.011240916,0.057607248,0.09264446,"[-190.9432830810547,108.84732055664062,-1.756913185119629,18.166473388671875,7.8416218757629395,6.373411178588867,2.861652374267578,3.4310553073883057,-5.234431743621826,8.287291526794434,0.6843650341033936,0.8500977754592896,-2.027559757232666,4.580593109130859,-1.6934503316879272,4.61127233505249,-1.5216814279556274,2.188126564025879,-0.9206959009170532,6.525304317474365]",,0,,,2020,0.65,0.45,0.7,0.15,0.05,,,,,
3d453faf-8df1-4e9b-aa46-a9eb3b9180c7,Popular (with Playboi Carti & Madonna),The Weeknd/Playboi Carti/Madonna,27cdf5a8-8981-4df6-b6b8-88e13ad806ba,,,https://yaysfbsmvtyqpbfhxstj.supabase.co/storage/v1/object/public/songs/Popular__with_Playboi_Carti___Madonna_.mp3?,2025-03-19 17:31:49.96255+00,https://yaysfbsmvtyqpbfhxstj.supabase.co/storage/v1/object/public/images/Popular__with_Playboi_Carti___Madonna_.jpg?,b981bef6-afef-4f79-822f-54a6c6cd32ea,r&b,,,false,,99.38401442,"[0.45365917682647705,0.45400986075401306,0.3738880753517151,0.43309110403060913,0.44477570056915283,0.5300068855285645,0.38563624024391174,0.3597828149795532,0.3860311210155487,0.34306609630584717,0.46340516209602356,0.35934051871299744]",2443.985476,2472.264978,"[19.209480597013776,16.85329516606189,19.945165155987628,19.837039628217617,19.30574403325229,18.259982840940026,47.26232046071198]",0.029013818,0.10527449,0.240253419,"[-111.9883041381836,78.54991912841797,5.048754692077637,16.07619857788086,-1.1432406902313232,2.2983410358428955,-4.538607120513916,-0.38544341921806335,-7.297862529754639,4.1584792137146,-2.1962788105010986,-2.1907236576080322,-5.080620765686035,1.1339185237884521,-4.978559494018555,-2.194236993789673,-5.33518648147583,-1.0657111406326294,-7.337920188903809,-0.17761316895484924]",,0,746037e8-0c1a-4da2-bf19-1a01673adb78,,2020,0.65,0.45,0.7,0.15,0.05,,,,,
413eeaa4-ae0b-4445-8103-103a09187e7b,I Said I Love You First,"Selena Gomez, benny blanco",,,,https://resonance-bucket-1.s3.us-east-005.backblazeb2.com/songs/I+Said+I+Love+You+First.mp3,2025-05-01 03:00:28.745982+00,https://resonance-bucket-1.s3.us-east-005.backblazeb2.com/images/I+Said+I+Love+You+First.jpg,c20f8be5-868c-49ca-a1be-66c6d55a1568,,,,false,,,,,,,,,,,,0,9fc41d15-f0aa-42ad-9c64-39495adee508,,,,,,,,,,,,
42130927-4641-4397-ba02-8a2fb5d42154,Mayday - Demo,Imagine Dragons,bc3edb05-3f78-45f4-a0fa-288131b62571,,,https://yaysfbsmvtyqpbfhxstj.supabase.co/storage/v1/object/public/songs/Mayday - Demo.mp3?,2025-03-18 13:55:13.037066+00,https://yaysfbsmvtyqpbfhxstj.supabase.co/storage/v1/object/public/images/Mayday - Demo.jpg?,8f99e450-414d-469b-a57f-75b2efec27e6,alternative rock,,,false,,123.046875,"[0.41645506024360657,0.35492071509361267,0.402174174785614,0.4351232945919037,0.506624162197113,0.5203126668930054,0.35858455300331116,0.3420897126197815,0.28431397676467896,0.27970725297927856,0.2926749885082245,0.35995110869407654]",1985.536143,2360.21483,"[23.45167114882067,16.516147349200068,17.688675539247388,16.47476145227639,17.255771814631704,16.461827200276723,45.64100569619306]",0.021678785,0.06404149,0.319198132,"[-77.48494720458984,91.31938171386719,7.69650936126709,30.190834045410156,12.265656471252441,17.820878982543945,3.271946430206299,16.10883140563965,8.139781951904297,6.4010419845581055,3.958857536315918,4.76141881942749,2.2897300720214844,0.048033200204372406,-2.0923688411712646,4.585241794586182,-3.4017839431762695,0.8500429391860962,-0.6030789017677307,0.5197600722312927]",,0,,,2018,0.8,0.6,0.65,0.1,0.02,,,,,
42414c62-c52e-4646-84f6-54c318d973c9,Daylight,Drake,,,,,2025-06-29 09:13:16.401982+00,https://upload.wikimedia.org/wikipedia/en/For_All_the_Dogs.jpg,e9b2e6fe-7c65-48f7-9fc3-8d9f4e7d32de,,,,false,,,,,,,,,,,,0,,,,,,,,,,,,,
42d11c12-705c-4f4d-9c0b-bfa02e919437,Ghost,The Weekend,56dbced7-3584-44fc-85a8-3b08f6e1a382,13500,2,https://yaysfbsmvtyqpbfhxstj.supabase.co/storage/v1/object/public/songs/Ghost.mp3,2024-12-01 16:54:35.808061+00,,c7b5a26e-ce09-44c8-9dd2-3fe2cc4e1658,r&b,,,false,,103.359375,"[0.23048001527786255,0.3730158805847168,0.5517300367355347,0.30671393871307373,0.33507218956947327,0.24959099292755127,0.39754223823547363,0.30695608258247375,0.30547642707824707,0.46143946051597595,0.301577627658844,0.3366629481315613]",1764.816002,2013.896201,"[25.246408777865078,16.015691423633662,19.488299970673665,19.253573109649484,20.090804703488956,19.62097872516826,46.52438763697768]",0.01102908,0.074533469,0.176027626,"[-140.64755249023438,114.94989776611328,-0.38761329650878906,10.25007438659668,6.465071201324463,4.778058052062988,-3.8012592792510986,-1.7965059280395508,-5.30418062210083,1.0142192840576172,-5.0343098640441895,-1.121482014656067,-5.870096683502197,-1.923842191696167,-5.481966495513916,-4.194747447967529,-7.038852214813232,-0.5104938745498657,-5.138922691345215,-2.4566807746887207]",,0,,,2020,0.65,0.45,0.7,0.15,0.05,,,,,
4362ec00-e437-4276-9de3-677e08459ecf,Style (Taylor's Version),Taylor Swift,,,,,2025-06-29 09:13:16.401982+00,https://upload.wikimedia.org/wikipedia/en/1989_%28Taylor%27s_Version%29.png,193e0148-c3e9-420c-9429-84d93a91e95a,,,,false,,,,,,,,,,,,0,02e7ac34-8382-4f1c-82e6-0c902f2046a9,,,,,,,,,,,,
4584bf91-b97a-4eb4-8aa5-54b091c398fb,New Romantics (Taylor's Version),Taylor Swift,,,,,2025-06-29 09:13:16.401982+00,https://upload.wikimedia.org/wikipedia/en/1989_%28Taylor%27s_Version%29.png,5fd2f0a4-a5b2-4153-8241-aaaf222ecdab,,,,false,,,,,,,,,,,,0,02e7ac34-8382-4f1c-82e6-0c902f2046a9,,,,,,,,,,,,
45a5785b-0415-4de9-a649-bf334e013727,Bahamas Promises,Drake,,,,,2025-06-29 09:13:16.401982+00,https://upload.wikimedia.org/wikipedia/en/For_All_the_Dogs.jpg,5d926b9f-8d76-4c96-a680-06724187e52d,,,,false,,,,,,,,,,,,0,,,,,,,,,,,,,
467229f8-0c59-49ff-ae04-d3e4ce4e8290,abcdefu,GAYLE,27cdf5a8-8981-4df6-b6b8-88e13ad806ba,,,https://yaysfbsmvtyqpbfhxstj.supabase.co/storage/v1/object/public/songs/abcdefu.mp3?,2025-03-19 17:31:49.96255+00,https://yaysfbsmvtyqpbfhxstj.supabase.co/storage/v1/object/public/images/abcdefu.jpg?,55e42f69-5a75-4f62-8db1-90c8797d543f,pop,,,false,,123.046875,"[0.33123499155044556,0.335536390542984,0.2965429425239563,0.42235612869262695,0.4722468852996826,0.27707839012145996,0.2679366171360016,0.30929309129714966,0.460449755191803,0.33598124980926514,0.31000128388404846,0.3992903530597687]",2652.054618,2604.132993,"[25.674194702875027,16.343943499594165,19.108206553317295,18.693829708426673,18.4705267177311,18.215240073054826,46.08920893940779]",0.035429336,0.120464404,0.230813682,"[-54.02288055419922,77.56182861328125,1.8555184602737427,20.99795150756836,-0.3462345600128174,5.222135543823242,1.5179966688156128,-0.910430371761322,-0.2867819368839264,3.4651739597320557,-6.833237171173096,1.2226905822753906,-8.52318000793457,3.2184841632843018,-8.109945297241211,-0.9909849762916565,-1.003451943397522,-1.5493919849395752,-3.0966098308563232,2.23870849609375]",,0,746037e8-0c1a-4da2-bf19-1a01673adb78,,2020,0.7,0.6,0.7,0.2,0.05,,,,,
48c8a748-01bd-485e-9a9e-43f190976703,Faith,The Weekend,56dbced7-3584-44fc-85a8-3b08f6e1a382,13500,1,https://yaysfbsmvtyqpbfhxstj.supabase.co/storage/v1/object/public/songs/Faith.mp3,2024-12-01 16:44:08.09693+00,,887f9419-e2df-4424-859f-43f91424dcab,r&b,,,false,,89.10290948,"[0.46811628341674805,0.27512887120246887,0.3631283938884735,0.37801191210746765,0.28614577651023865,0.4092709720134735,0.3190537095069885,0.5363067388534546,0.3812222480773926,0.33516764640808105,0.46181195974349976,0.34891247749328613]",1770.743865,1942.491379,"[21.799905944013936,16.129027851411003,18.597487087035248,17.720497545186586,18.25681208713645,21.25805769690137,47.66804476892985]",0.011548537,0.074526099,0.084430717,"[-181.58621215820312,118.76811218261719,-13.667852401733398,11.75969123840332,1.9487659931182861,-1.5899683237075806,2.674427032470703,-0.5264005064964294,-10.989160537719727,4.665295124053955,-7.758346080780029,-1.34894859790802,-5.387972354888916,1.5668185949325562,-5.299619197845459,1.5772396326065063,-1.9381736516952515,0.7412811517715454,-2.7870614528656006,5.166340351104736]",,0,,,2020,0.65,0.45,0.7,0.15,0.05,,,,,
49098325-661a-411c-aa2d-30f91ea30f0b,Shree Krishna Govind Hare Murari,Surya Raj Kamal/Mohit Mishra/Gul Saxena,0e05fb8a-7a45-4c7f-9316-5a52975f4a93,19920,3,https://yaysfbsmvtyqpbfhxstj.supabase.co/storage/v1/object/public/songs/radhakrishn/Shree%20Krishna%20Govind%20Hare%20Murari.mp3,2025-01-11 09:50:07.79669+00,https://yaysfbsmvtyqpbfhxstj.supabase.co/storage/v1/object/public/songs/radhakrishn/images/Shree%20Krishna%20Govind%20Hare%20Murari.jpg?t=2025-01-11T09%3A37%3A18.464Z,59dba20e-a8ee-4367-bd78-e78cbaa6bafb,krishna,,,false,,83.35433468,"[0.31271228194236755,0.4114394783973694,0.2068907767534256,0.3267692029476166,0.1768321990966797,0.27702850103378296,0.21321727335453033,0.18046942353248596,0.3204214870929718,0.13615284860134125,0.15702751278877258,0.13762721419334412]",1678.860869,2004.347711,"[23.384960282005967,19.15937424620834,23.969819166876867,23.28403137101619,22.85869190207638,23.222341648670003,46.550282432505945]",0.016420869,0.074015916,0.240611821,"[-104.70098876953125,112.18700408935547,-8.190921783447266,22.617631912231445,-2.7940478324890137,-5.565794467926025,0.9249117374420166,-5.50797700881958,-4.08009147644043,3.5191030502319336,-5.88570499420166,1.8910353183746338,-3.5762908458709717,0.983380138874054,-6.683564186096191,-0.9478970170021057,-0.7166378498077393,1.3436965942382812,3.358050584793091,7.410538673400879]",,0,77634ddb-017e-4ea4-9c95-ee3127345dae,,2020,0.7,0.6,0.7,0.2,0.05,,,,,
4b08056a-d3d7-4828-8827-c5a6fb4fede1,Love The Way You Lie,Eminem/Rihanna,27cdf5a8-8981-4df6-b6b8-88e13ad806ba,,,https://yaysfbsmvtyqpbfhxstj.supabase.co/storage/v1/object/public/songs/Love_The_Way_You_Lie.mp3?,2025-03-19 17:31:49.96255+00,https://yaysfbsmvtyqpbfhxstj.supabase.co/storage/v1/object/public/images/Love_The_Way_You_Lie.jpg?,699323f6-742e-4e1c-bcc2-a104cc8d1240,hip-hop,,,false,,86.1328125,"[0.4002287685871124,0.3781539797782898,0.4800577163696289,0.40741199254989624,0.31736645102500916,0.37285029888153076,0.2910492718219757,0.3882869780063629,0.358554482460022,0.48155516386032104,0.5392784476280212,0.36466968059539795]",2676.685967,2433.748302,"[18.214981463867094,15.4548998580774,18.381878687167752,17.935921999986597,18.189481724338403,17.953536084926426,47.69409425609162]",0.043708246,0.150289775,0.19648388,"[-45.04896545410156,80.22138214111328,-20.846271514892578,17.969303131103516,9.036992073059082,3.764580488204956,1.228843092918396,5.816799640655518,-0.8257901668548584,2.234283924102783,-4.11042594909668,-0.3631223738193512,-5.658155918121338,1.776106834411621,-5.317032814025879,0.14064159989356995,-6.236173629760742,-0.5409961938858032,-2.813685178756714,-1.2882746458053589]",,0,746037e8-0c1a-4da2-bf19-1a01673adb78,,2010,0.85,0.5,0.7,0.05,0.02,,,,,
4cbf29e6-36dd-4a73-b74b-b1d809259564,Woke - Demo,Imagine Dragons,bc3edb05-3f78-45f4-a0fa-288131b62571,,,https://yaysfbsmvtyqpbfhxstj.supabase.co/storage/v1/object/public/songs/Woke - Demo.mp3?,2025-03-18 13:55:13.037066+00,https://yaysfbsmvtyqpbfhxstj.supabase.co/storage/v1/object/public/images/Woke - Demo.jpg?,7dc558d0-db3c-41e8-b890-c768d87ba7be,alternative rock,,,false,,117.4538352,"[0.5033277869224548,0.39636915922164917,0.3854680061340332,0.32761844992637634,0.48508843779563904,0.5027300715446472,0.39680585265159607,0.5687199831008911,0.38511091470718384,0.38065069913864136,0.29326868057250977,0.324131578207016]",1513.964579,2037.557876,"[19.125063368063156,17.973226003800075,19.233339481869315,19.110768786804105,18.69663747837892,17.165020200793442,46.695914114429534]",0.016395736,0.051243292,0.257560313,"[-137.19337463378906,112.71049499511719,15.293289184570312,28.497005462646484,6.111663341522217,13.28200626373291,-0.5953989028930664,8.477836608886719,-1.6289442777633667,0.513145387172699,-0.20051345229148865,4.594127655029297,-0.7646628618240356,-4.075133800506592,-3.7214231491088867,0.02079315483570099,-7.165769100189209,-0.36296066641807556,0.1822327822446823,-0.44794735312461853]",,0,,,2018,0.8,0.6,0.65,0.1,0.02,,,,,
4cd2515b-f904-4e09-846d-1de950215127,Suburban Legends (Taylor's Version),Taylor Swift,,,,,2025-06-29 09:13:16.401982+00,https://upload.wikimedia.org/wikipedia/en/1989_%28Taylor%27s_Version%29.png,0fee11aa-d05d-4d6d-8be3-d96ccfb8268d,,,,false,,,,,,,,,,,,0,02e7ac34-8382-4f1c-82e6-0c902f2046a9,,,,,,,,,,,,
4d21a19d-280f-4959-b397-b852a1270204,Beer Song - From _Diesel_,"Dhibu Ninan Thomas,Gana Guna,Rokesh",37be7979-1f2c-4001-9a57-b951b79778d6,13020,19,https://yaysfbsmvtyqpbfhxstj.supabase.co/storage/v1/object/public/songs/Beer%20Song%20-%20From%20_Diesel_.mp3,2025-01-16 08:34:10.468363+00,https://yaysfbsmvtyqpbfhxstj.supabase.co/storage/v1/object/public/images/Beer%20Song%20-%20From%20_Diesel_.jpg,0c03b6b8-f9d0-40f5-a392-c8041dfb1af0,tamil pop,,,false,,143.5546875,"[0.30198824405670166,0.2786693572998047,0.4140819013118744,0.27338793873786926,0.2523156702518463,0.29378002882003784,0.2933977246284485,0.43028178811073303,0.3042127788066864,0.36519402265548706,0.36073628067970276,0.2590848505496979]",1695.063641,2140.665662,"[19.942417895678883,16.663268131444028,19.861481509857175,18.794387756471764,18.911682042893474,18.172434892628434,44.4604098286962]",0.106086187,0.0621204,0.139559031,"[-176.08436584472656,94.4825668334961,9.742620468139648,14.376949310302734,4.875179290771484,3.815793991088867,-3.9406521320343018,0.42685750126838684,-1.7112218141555786,0.2837204039096832,-4.963988304138184,2.3220620155334473,-4.5641703605651855,-3.541584014892578,1.5296176671981812,-2.331300973892212,-5.720476150512695,3.8286123275756836,-7.9638237953186035,-1.9619718790054321]",,0,42a848b5-fae8-4038-849f-b38b72aa545c,,2020,0.7,0.6,0.7,0.2,0.05,,,,,
4e1fde2d-6caa-4dc8-a7bd-ea56b138a015,Welcome to New York (Taylor's Version),Taylor Swift,,,,,2025-06-29 09:13:16.401982+00,https://upload.wikimedia.org/wikipedia/en/1989_%28Taylor%27s_Version%29.png,b2b77940-9a6c-459e-bbee-b749ae6aeec7,,,,false,,,,,,,,,,,,0,02e7ac34-8382-4f1c-82e6-0c902f2046a9,,,,,,,,,,,,
4f16f266-f0ee-4cfc-9871-8a058955ac1e,Jhol x Afsos x Pal Pal x Wishes,SKXR,,3:23,,https://yaysfbsmvtyqpbfhxstj.supabase.co/storage/v1/object/public/songs//Jhol%20x%20Afsos%20x%20Wishes%20x%20Pal%20Pal.mp3,2025-06-04 06:16:39.463676+00,https://yaysfbsmvtyqpbfhxstj.supabase.co/storage/v1/object/public/images//Jhol%20x%20Afsos%20x%20Pal%20Pal%20x%20Wishes.jpg,b2df0327-c36f-437a-bd4d-f7a04998cea9,,,,false,,,,,,,,,,,,0,,,,,,,,,,,,,
4f1db3c1-d433-46b5-99e4-c5e47e2eb521,A-OK - Demo,Imagine Dragons,bc3edb05-3f78-45f4-a0fa-288131b62571,,,https://yaysfbsmvtyqpbfhxstj.supabase.co/storage/v1/object/public/songs/A-OK - Demo.mp3?,2025-03-18 13:55:13.037066+00,https://yaysfbsmvtyqpbfhxstj.supabase.co/storage/v1/object/public/images/A-OK - Demo.jpg?,838cfdec-2b72-4cc7-b2bb-edad16e3185f,alternative rock,,,false,,151.9990809,"[0.2955991327762604,0.21524909138679504,0.38929131627082825,0.4997919797897339,0.30180373787879944,0.2946520745754242,0.2703683376312256,0.40773412585258484,0.29772254824638367,0.32481488585472107,0.3970673084259033,0.24611225724220276]",2651.34186,2410.892734,"[21.628963717577783,17.460920552956946,20.728217582408984,19.716393694690034,20.057588057059526,18.453365695798325,46.87027947014073]",0.043412823,0.120685813,0.157745406,"[-118.20147705078125,70.75955963134766,-11.297900199890137,14.313116073608398,-0.831124484539032,5.233575344085693,-11.294561386108398,-0.723879337310791,-8.774258613586426,-2.787954330444336,-2.0614075660705566,-4.5436625480651855,-2.1030313968658447,-3.6041312217712402,-1.4913091659545898,0.48317795991897583,-4.7356648445129395,0.5040887594223022,-0.7819193601608276,-0.3478023111820221]",,0,,,2018,0.8,0.6,0.65,0.1,0.02,,,,,
4f282364-e26c-44d4-9aec-32d6e5c35b94,What Could Be Better Than This?,Auli'i Cravalho/HualÄlai Chung/Rose Matafeo/David Fane/Disney,6fc7a1e8-41f9-4e37-8ea5-6e0b2d8d4a74,10980,17,https://yaysfbsmvtyqpbfhxstj.supabase.co/storage/v1/object/public/songs/What%20Could%20Be%20Better%20Than%20This_.mp3,2024-12-19 18:06:15.278825+00,,41620643-2786-48ce-9348-efc2cba74442,soundtrack,,,false,,,,,,,,,,,,0,,,2022,0.65,0.75,0.7,0.25,0.01,,,,,
509cac59-2e8e-45c5-a219-3f50662e46ee,Demons,Imagine Dragons,27cdf5a8-8981-4df6-b6b8-88e13ad806ba,,,https://yaysfbsmvtyqpbfhxstj.supabase.co/storage/v1/object/public/songs/Demons.mp3?,2025-03-19 17:31:49.96255+00,https://yaysfbsmvtyqpbfhxstj.supabase.co/storage/v1/object/public/images/Demons.jpg?,bcfdb1e3-2587-4013-844a-64d13e65e59a,alternative rock,,,false,,89.10290948,"[0.2912367582321167,0.20093652606010437,0.416469931602478,0.5679669380187988,0.2598307430744171,0.30179449915885925,0.2733776867389679,0.47294455766677856,0.3480786383152008,0.24061459302902222,0.32982271909713745,0.22997143864631653]",1994.528479,2162.577309,"[18.62701709406022,17.00651813810324,20.69413342640589,20.757992349119796,19.09323474649201,18.078017937694273,46.818187374611675]",0.025787553,0.090900085,0.30703789,"[-44.04046630859375,103.90601348876953,-14.594734191894531,17.00739288330078,-1.396134614944458,0.92525315284729,-6.94044303894043,6.163043022155762,-8.013415336608887,-4.307172775268555,1.2097948789596558,3.5937225818634033,1.2355303764343262,-4.432031631469727,-8.846115112304688,-0.14552390575408936,-6.907040596008301,1.7254117727279663,-2.090996026992798,-5.072021961212158]",,0,746037e8-0c1a-4da2-bf19-1a01673adb78,,2018,0.8,0.6,0.65,0.1,0.02,,,,,
522de632-3dd5-479b-bb54-991e7d1458ab,CHAKRA DHARI,A.R. Rahman/Asha Bhosle/Udit Narayan/Vaishali Samant,0e05fb8a-7a45-4c7f-9316-5a52975f4a93,448,19,https://yaysfbsmvtyqpbfhxstj.supabase.co/storage/v1/object/public/songs/radhakrishn/CHAKRA%20DHARI.mp3,2025-01-11 09:50:07.79669+00,https://yaysfbsmvtyqpbfhxstj.supabase.co/storage/v1/object/public/songs/radhakrishn/images/Chakra%20Dhari.jpg,c01a06dc-0f5f-4a82-b642-fb7c7635f76c,krishna,,,false,,92.28515625,"[0.3774624764919281,0.3272045850753784,0.3917923867702484,0.3801846206188202,0.5536026954650879,0.3980373442173004,0.3195858895778656,0.29815781116485596,0.3398841321468353,0.44178658723831177,0.34163087606430054,0.38313719630241394]",2501.808478,2535.105544,"[20.960440841913847,14.311784570350708,16.941016540990244,17.546166711923263,17.100961336602026,17.659573750280114,47.683138648997755]",0.049255662,0.12012871,0.164828405,"[-57.31939697265625,81.02387237548828,-7.534477710723877,22.326786041259766,4.294194221496582,9.741527557373047,2.0579545497894287,7.622110366821289,-5.19858455657959,6.795675754547119,2.22432017326355,2.4070820808410645,-1.1346668004989624,1.907486081123352,-5.125776767730713,0.8951013088226318,-3.063060760498047,0.565069854259491,-4.597641944885254,-0.7875125408172607]",,0,77634ddb-017e-4ea4-9c95-ee3127345dae,,2020,0.7,0.6,0.7,0.2,0.05,,,,,
52cf7188-b3cb-4a87-87ab-bab9e0d080ab,California Dreamin' - Single Version,The Mamas & The Papas,37be7979-1f2c-4001-9a57-b951b79778d6,9840,2,https://yaysfbsmvtyqpbfhxstj.supabase.co/storage/v1/object/public/songs/California%20Dreamin'%20-%20Single%20Version.mp3,2025-01-16 08:34:10.468363+00,https://yaysfbsmvtyqpbfhxstj.supabase.co/storage/v1/object/public/images/California%20Dreamin'%20-%20Single%20Version.jpg,ec84ccdd-7f94-462f-a39a-8d5546fe56b2,"classic rock,folk rock,mellow gold,psychedelic rock,rock,soft rock,sunshine pop",,,false,,112.3471467,"[0.2999007999897003,0.4070342183113098,0.301508367061615,0.4524112641811371,0.48354658484458923,0.3537612855434418,0.3242069184780121,0.3488994538784027,0.4278135299682617,0.3533874452114105,0.28140491247177124,0.29045990109443665]",2409.406927,2155.29996,"[19.98530702163251,14.772619406473849,19.360569930257245,19.218552617361603,18.65997933327111,19.09289878282037,48.16645861492692]",0.058913466,0.139907292,0.109744899,"[-107.70087432861328,78.33380126953125,-20.023025512695312,44.52732849121094,-7.639360427856445,10.224446296691895,0.6202698349952698,2.939211845397949,0.5779208540916443,6.39500093460083,-2.9928364753723145,4.96317720413208,-8.11312484741211,4.934376239776611,-5.8630690574646,-4.649778366088867,-3.995023012161255,1.4309760332107544,-6.138552188873291,-2.408093214035034]",,0,42a848b5-fae8-4038-849f-b38b72aa545c,,2020,0.7,0.6,0.7,0.2,0.05,,,,,
54f640c6-404a-4c8a-a0bc-21684644a1b9,Get Close,The Rolling Stones,,,,,2025-06-29 09:13:16.401982+00,https://upload.wikimedia.org/wikipedia/en/Hackney_Diamonds.jpg,c907b375-b1b6-4507-b2ae-01bdd7990fea,,,,false,,,,,,,,,,,,0,,,,,,,,,,,,,
56040813-3c45-49b0-86d2-7cba4f864cb5,Calling for You (feat. 21 Savage),Drake,,,,,2025-06-29 09:13:16.401982+00,https://upload.wikimedia.org/wikipedia/en/For_All_the_Dogs.jpg,dd4f54ac-7f0d-4e53-9315-2df1d7b450b8,,,,false,,,,,,,,,,,,0,,,,,,,,,,,,,
56c13642-14af-44b1-9e3d-f061fbb668e4,In Your Eyes,The Weekend,d5ae8b55-828e-4f4d-beec-d4db56eb19fd,13500,10,https://yaysfbsmvtyqpbfhxstj.supabase.co/storage/v1/object/public/songs/In%20Your%20Eyes.mp3,2024-12-01 18:33:43.637226+00,,d0cbaea9-2639-4194-ba75-8fe4c42ce344,r&b,,,false,,99.38401442,"[0.5241786241531372,0.3869123160839081,0.4813176095485687,0.41089344024658203,0.33513137698173523,0.38403114676475525,0.32748138904571533,0.4303353428840637,0.2765209376811981,0.31956642866134644,0.4341215193271637,0.3774070143699646]",2392.37333,2553.417439,"[19.542282795473003,15.776658731305831,18.951827454157808,18.190125333128346,18.063224246910575,17.693387587456463,50.75262217884762]",0.024276756,0.091714996,0.129824191,"[-120.01219940185547,79.42930603027344,3.2099649906158447,32.2230339050293,7.508463382720947,14.048340797424316,3.8214046955108643,9.19818115234375,-4.36482572555542,10.750289916992188,-1.3137468099594116,2.2383344173431396,-2.460469961166382,5.8550262451171875,-4.117859840393066,0.7865373492240906,-5.226606369018555,-0.00517392810434103,-4.292038440704346,2.8525643348693848]",,0,,,2020,0.65,0.45,0.7,0.15,0.05,,,,,
56dbced7-3584-44fc-85a8-3b08f6e1a382,Alone Again,The Weekend,56dbced7-3584-44fc-85a8-3b08f6e1a382,13500,4,https://yaysfbsmvtyqpbfhxstj.supabase.co/storage/v1/object/public/songs/Alone%20Again.mp3,2024-12-01 16:54:35.808061+00,,710eab24-b337-4741-817d-a177c83789b3,r&b,,,false,,135.9991776,"[0.22482867538928986,0.18383648991584778,0.31643953919410706,0.31320780515670776,0.5885105729103088,0.37977346777915955,0.3313014507293701,0.38240817189216614,0.24236978590488434,0.2943202257156372,0.1903214305639267,0.26388460397720337]",2159.262307,2369.385273,"[21.54491964122787,16.297067359365403,20.76071871376934,20.043396776342533,19.2207075398312,18.928406134196734,49.72666322492414]",0.012065781,0.080678382,0.181443453,"[-101.07271575927734,95.16893005371094,1.7922642230987549,23.999984741210938,-3.390690803527832,14.015830993652344,4.188814640045166,7.116158962249756,-2.6746811866760254,15.50539493560791,6.7581353187561035,4.441393852233887,-0.7788170576095581,2.8866875171661377,-1.6233242750167847,4.712806701660156,2.2713170051574707,8.154330253601074,0.9534910917282104,8.146829605102539]",,0,,,2020,0.65,0.45,0.7,0.15,0.05,,,,,
5717f41d-64b6-438c-b53c-a79ed8ea3bca,Call Me When You Break Up (with Gracie Abrams),"Selena Gomez, benny blanco, Gracie Abrams",,,,,2025-05-01 03:00:28.745982+00,,fa959c57-77cc-4c44-b00b-7a7857c7973a,,,,false,,,,,,,,,,,,0,9fc41d15-f0aa-42ad-9c64-39495adee508,,,,,,,,,songs/Call+Me+When,,,
577540e9-f58b-4c19-81df-2c20e39a8930,Puke,Eminem,27cdf5a8-8981-4df6-b6b8-88e13ad806ba,,,https://yaysfbsmvtyqpbfhxstj.supabase.co/storage/v1/object/public/songs/Puke.mp3?,2025-03-19 17:31:49.96255+00,https://yaysfbsmvtyqpbfhxstj.supabase.co/storage/v1/object/public/images/Puke.jpg?,04273ab4-f9b1-435a-aa20-424ad32638e3,hip-hop,,,false,,83.35433468,"[0.36933082342147827,0.3378075361251831,0.36215975880622864,0.39147475361824036,0.5164242386817932,0.4720436930656433,0.5325107574462891,0.5104870200157166,0.3780137002468109,0.3762313723564148,0.3900662362575531,0.4801063537597656]",2020.607851,2310.901663,"[21.577929976647066,15.616904052777091,18.030252012650184,17.42346733604146,17.862446236606374,17.582110282656988,46.806183889851496]",0.020595433,0.081093799,0.28322655,"[-64.32882690429688,101.00654602050781,2.1346261501312256,25.590679168701172,10.235028266906738,8.052309036254883,1.0320197343826294,9.642924308776855,-1.7619869709014893,5.391744613647461,0.8736075162887573,2.3978078365325928,0.3661699891090393,3.047333002090454,-1.216267704963684,2.860945463180542,-3.689016580581665,5.728675365447998,-0.8357692360877991,1.389926552772522]",,0,746037e8-0c1a-4da2-bf19-1a01673adb78,,2010,0.85,0.5,0.7,0.05,0.02,,,,,
57fb0214-7c67-46ed-a1c4-c30b35be76c1,Namo Namo,Amit Trivedi,,322,,https://yaysfbsmvtyqpbfhxstj.supabase.co/storage/v1/object/public/quick-play/namo_namo.mp3?t=2024-11-24T19%3A44%3A26.313Z,2025-05-01 01:34:31.043469+00,https://c.saavncdn.com/367/Kedarnath-Hindi-2019-20190219-500x500.jpg,90d9d26e-434b-4e42-a3d7-02e5b11978fb,,,,false,,,,,,,,,,,,0,,,,,,,,,,,,,
5a002672-46a9-4e62-bd1d-5b9ce483e1f7,What Would Pluto Do,Drake,,,,,2025-06-29 09:13:16.401982+00,https://upload.wikimedia.org/wikipedia/en/For_All_the_Dogs.jpg,bd7466e5-4322-4701-aa58-5cce6edbabaa,,,,false,,,,,,,,,,,,0,,,,,,,,,,,,,
5a4c5584-283f-4a95-b173-40d9ac8d341d,2 Much,The Weekend,56dbced7-3584-44fc-85a8-3b08f6e1a382,13500,3,https://yaysfbsmvtyqpbfhxstj.supabase.co/storage/v1/object/public/songs/2%20Much.mp3,2024-12-01 16:54:35.808061+00,,abac2229-b010-42f0-9968-c0bf94b4634c,r&b,,,false,,123.046875,"[0.2702464759349823,0.5008739829063416,0.3956300914287567,0.35984793305397034,0.4666884243488312,0.32683467864990234,0.31888407468795776,0.2231026291847229,0.4163532853126526,0.633467972278595,0.3521500825881958,0.314550518989563]",1414.131932,2127.096094,"[23.37890622498099,18.19151733996057,22.196497335797226,21.442698544308342,21.635045603035575,18.113875186686034,47.597083286947324]",0.003585886,0.043499676,0.253814489,"[-135.39512634277344,144.74012756347656,51.934425354003906,14.936514854431152,12.739094734191895,17.087081909179688,0.3527860641479492,7.660070419311523,-3.5696704387664795,7.491709232330322,4.094632625579834,1.5201518535614014,-3.3436050415039062,6.805520534515381,4.9898529052734375,3.685720443725586,-3.020042896270752,4.276223182678223,-5.721860408782959,-0.2428981512784958]",,0,,,2020,0.65,0.45,0.7,0.15,0.05,,,,,
5b422e53-25df-41c8-9a01-6e3e7b77ffff,Die For You,The Weeknd,56dbced7-3584-44fc-85a8-3b08f6e1a382,15600,2,https://yaysfbsmvtyqpbfhxstj.supabase.co/storage/v1/object/public/songs//Die%20For%20You%20(feat.%20Dominic%20Fike).mp3,2024-12-19 05:14:36.761384+00,https://yaysfbsmvtyqpbfhxstj.supabase.co/storage/v1/object/public/images//Die%20For%20You.jpg,4d61736c-f295-4333-9369-a5428e5c0ad7,r&b,,,false,,135.9991776,"[0.43616387248039246,0.468759149312973,0.3576315939426422,0.4316662847995758,0.3484845757484436,0.4698379337787628,0.354536235332489,0.3340933620929718,0.427254855632782,0.3576447367668152,0.4254210889339447,0.3262902498245239]",2074.352379,2436.405488,"[23.445651336978568,15.677289946068637,19.756602288946205,19.678487173992174,19.95013410242642,18.702399117095805,48.12564439722994]",0.014502654,0.078527443,0.253121912,"[-81.24018096923828,97.91877746582031,6.641170978546143,20.683271408081055,10.374245643615723,8.70395278930664,-0.4533361494541168,8.093243598937988,-0.2234867811203003,5.5912699699401855,1.2574883699417114,2.5261423587799072,0.5515965819358826,0.5000033378601074,-2.2468481063842773,-2.4042229652404785,-7.655376434326172,2.3803436756134033,-6.835662841796875,2.4915051460266113]",,0,,,2020,0.65,0.45,0.7,0.15,0.05,,,,,
5ce2ad4c-1831-4b5e-9837-1fe7351b38a9,All the Parties (feat. Chief Keef),Drake,,,,,2025-06-29 09:13:16.401982+00,https://upload.wikimedia.org/wikipedia/en/For_All_the_Dogs.jpg,86e69a0e-4595-4f15-a38e-9b2671bf2793,,,,false,,,,,,,,,,,,0,,,,,,,,,,,,,
5d6c50a0-5d9c-41f7-ba35-e450b300b86a,Whole Wide World,The Rolling Stones,,,,,2025-06-29 09:13:16.401982+00,https://upload.wikimedia.org/wikipedia/en/Hackney_Diamonds.jpg,dcacfad8-a924-41f4-99b0-d659800c679a,,,,false,,,,,,,,,,,,0,,,,,,,,,,,,,
5df18bda-c2db-44f5-b41a-290378196537,Leja (Acoustic),"Lost Stories, JAI DHIR",,2:52,,https://yaysfbsmvtyqpbfhxstj.supabase.co/storage/v1/object/public/songs//Leja%20(Acoustic).mp3,2025-06-30 03:58:07.706087+00,https://c.saavncdn.com/887/Marigold-Soundsystem-Deluxe-Punjabi-2023-20231031220956-500x500.jpg,52fa932e-09e8-4549-9d7e-3c649678bc3a,,,,false,,,,,,,,,,,,0,,,,,,,,,,,,,
5e7fa571-2648-4dc0-bd38-bff4fcf6f018,Old Town Road,Lil Nas X,27cdf5a8-8981-4df6-b6b8-88e13ad806ba,,,https://yaysfbsmvtyqpbfhxstj.supabase.co/storage/v1/object/public/songs/Old_Town_Road.mp3?,2025-03-19 17:31:49.96255+00,https://yaysfbsmvtyqpbfhxstj.supabase.co/storage/v1/object/public/images/Old_Town_Road.jpg?,291649f1-c926-451e-b7ed-4b4747755fb8,pop,,,false,,,,,,,,,,,,0,746037e8-0c1a-4da2-bf19-1a01673adb78,,2020,0.7,0.6,0.7,0.2,0.05,,,,,
6209cb15-e736-4259-9d7d-c1db4c2d10c0,Knockin' On Heaven's Door,Bob Dylan,37be7979-1f2c-4001-9a57-b951b79778d6,2:31,24,https://yaysfbsmvtyqpbfhxstj.supabase.co/storage/v1/object/public/songs/Knockin'%20On%20Heaven's%20Door.mp3,2025-01-16 08:34:10.468363+00,https://yaysfbsmvtyqpbfhxstj.supabase.co/storage/v1/object/public/images/Knockin'%20On%20Heaven's%20Door.jpg?t=2025-01-16T07%3A50%3A41.321Z,a08f654e-5c46-4d83-bdf0-cee5e7399c9f,"classic rock,country rock,folk,folk rock,rock,roots rock,singer-songwriter",,,false,,143.5546875,"[0.3109109103679657,0.28695154190063477,0.3592945337295532,0.30739930272102356,0.3753809928894043,0.3055660128593445,0.4315962493419647,0.5723783373832703,0.3927220404148102,0.43464523553848267,0.3168814778327942,0.2704586684703827]",1699.695068,2008.643001,"[24.904420845207305,17.32565103862332,19.46820991993882,18.12434801959554,18.92419669090892,18.386698411554185,49.16558806373373]",0.022105793,0.073839591,0.095586292,"[-171.1090850830078,122.11473083496094,-12.692286491394043,18.21470832824707,6.121387958526611,11.519296646118164,-5.677964210510254,10.607519149780273,-12.402008056640625,0.7841150164604187,-4.973991870880127,-3.9347474575042725,-3.5010647773742676,-3.3152215480804443,-2.37736439704895,-4.110395431518555,-4.426146507263184,-1.4548931121826172,-1.204472303390503,-0.7182803750038147]",,0,42a848b5-fae8-4038-849f-b38b72aa545c,,2020,0.7,0.6,0.7,0.2,0.05,,,,,
6244f402-1887-4f36-acb0-f9ff20e27e67,2 Much,The Weekend,d5ae8b55-828e-4f4d-beec-d4db56eb19fd,13500,3,https://yaysfbsmvtyqpbfhxstj.supabase.co/storage/v1/object/public/songs/2%20Much.mp3,2024-12-01 18:09:12.483583+00,,18176297-8e4d-4a51-9cb3-f1f7a129362e,r&b,,,false,,123.046875,"[0.2702464759349823,0.5008739829063416,0.3956300914287567,0.35984793305397034,0.4666884243488312,0.32683467864990234,0.31888407468795776,0.2231026291847229,0.4163532853126526,0.633467972278595,0.3521500825881958,0.314550518989563]",1414.131932,2127.096094,"[23.37890622498099,18.19151733996057,22.196497335797226,21.442698544308342,21.635045603035575,18.113875186686034,47.597083286947324]",0.003585886,0.043499676,0.253814489,"[-135.39512634277344,144.74012756347656,51.934425354003906,14.936514854431152,12.739094734191895,17.087081909179688,0.3527860641479492,7.660070419311523,-3.5696704387664795,7.491709232330322,4.094632625579834,1.5201518535614014,-3.3436050415039062,6.805520534515381,4.9898529052734375,3.685720443725586,-3.020042896270752,4.276223182678223,-5.721860408782959,-0.2428981512784958]",,0,,,2020,0.65,0.45,0.7,0.15,0.05,,,,,
629fbbbb-69e8-491f-90db-737864b9a45b,Big Weenie,Eminem,27cdf5a8-8981-4df6-b6b8-88e13ad806ba,,,https://yaysfbsmvtyqpbfhxstj.supabase.co/storage/v1/object/public/songs/Big_Weenie.mp3?,2025-03-19 17:31:49.96255+00,https://yaysfbsmvtyqpbfhxstj.supabase.co/storage/v1/object/public/images/Big_Weenie.jpg?,f19067c3-2288-4c3e-bb20-e3214e320c13,hip-hop,,,false,,,,,,,,,,,,0,746037e8-0c1a-4da2-bf19-1a01673adb78,,2010,0.85,0.5,0.7,0.05,0.02,,,,,
63774f6f-f9ee-4d5e-8da5-b09d52d8a03e,The Real Slim Shady,Eminem,27cdf5a8-8981-4df6-b6b8-88e13ad806ba,,,https://yaysfbsmvtyqpbfhxstj.supabase.co/storage/v1/object/public/songs/The_Real_Slim_Shady.mp3?,2025-03-19 17:31:49.96255+00,https://yaysfbsmvtyqpbfhxstj.supabase.co/storage/v1/object/public/images/The_Real_Slim_Shady.jpg?,7c826dc7-9d3f-47ac-9e9c-8f2e7a5477a3,hip-hop,,,false,,103.359375,"[0.5092136263847351,0.4746699631214142,0.4812053442001343,0.4920337498188019,0.4569880962371826,0.4507538974285126,0.39356088638305664,0.4573090672492981,0.4017913341522217,0.39669641852378845,0.43512269854545593,0.43241986632347107]",2419.92991,2398.078303,"[18.79173835631103,14.754206912364761,18.7642088078541,19.12216687569959,20.11657141931399,21.175679414726936,48.38879092075998]",0.029565422,0.123056031,0.231676757,"[-88.92407989501953,81.60391235351562,-0.49798092246055603,29.11360740661621,11.09238052368164,-2.0343592166900635,0.9322211146354675,6.05771017074585,-1.9696605205535889,8.374537467956543,-1.8241064548492432,6.713000297546387,4.055487632751465,2.9054856300354004,-3.209042549133301,6.04363489151001,-4.134892463684082,4.162111759185791,-1.0850796699523926,-0.03610223904252052]",,0,746037e8-0c1a-4da2-bf19-1a01673adb78,,2010,0.85,0.5,0.7,0.05,0.02,,,,,
64994474-45a3-4915-8bca-ed444e3bab92,I Know Places (Taylor's Version),Taylor Swift,,,,,2025-06-29 09:13:16.401982+00,https://upload.wikimedia.org/wikipedia/en/1989_%28Taylor%27s_Version%29.png,83e723a8-5750-44d1-add1-28ed2b812f5e,,,,false,,,,,,,,,,,,0,02e7ac34-8382-4f1c-82e6-0c902f2046a9,,,,,,,,,,,,
65a4ab16-530f-47b5-bd5f-5f5882db86f1,Nothing Breaks Like a Heart (feat. Miley Cyrus),Mark Ronson/Miley Cyrus,27cdf5a8-8981-4df6-b6b8-88e13ad806ba,,,https://yaysfbsmvtyqpbfhxstj.supabase.co/storage/v1/object/public/songs/Nothing_Breaks_Like_a_Heart__feat._Miley_Cyrus_.mp3?,2025-03-19 17:31:49.96255+00,https://yaysfbsmvtyqpbfhxstj.supabase.co/storage/v1/object/public/images/Nothing_Breaks_Like_a_Heart__feat._Miley_Cyrus_.jpg?,e395d80c-9d4d-4833-8298-4040653b0a0a,pop,,,false,,112.3471467,"[0.34322190284729004,0.3093883693218231,0.4399086534976959,0.33462896943092346,0.314606636762619,0.39226973056793213,0.4147247076034546,0.6024010181427002,0.4095475673675537,0.4178541898727417,0.4053429365158081,0.3039417564868927]",2219.866098,2570.193467,"[21.071461496003327,16.308095099687225,19.160124679232418,19.120757310885878,18.848488184892464,17.513830825558706,47.15590107536652]",0.024463424,0.079854681,0.290399551,"[-46.71866226196289,89.8259048461914,5.385802745819092,20.45268440246582,4.989272594451904,8.560601234436035,1.0719715356826782,6.305388927459717,2.920471668243408,8.243745803833008,0.4555701017379761,3.434678316116333,-4.768071174621582,2.176422357559204,-3.8885929584503174,1.6604528427124023,-0.951640784740448,3.0805914402008057,-1.986379861831665,2.501920223236084]",,0,746037e8-0c1a-4da2-bf19-1a01673adb78,,2020,0.7,0.6,0.7,0.2,0.05,,,,,
66be9f00-f13a-47b3-b277-444b20f60c81,Khileya,Mitraz,0e05fb8a-7a45-4c7f-9316-5a52975f4a93,163,,https://yaysfbsmvtyqpbfhxstj.supabase.co/storage/v1/object/public/songs//Khileya.mp3,2025-02-23 04:43:06.735555+00,https://yaysfbsmvtyqpbfhxstj.supabase.co/storage/v1/object/public/images//Khileya%20-%20Mitraz.jpg,1ec40d68-20fd-4a37-a38d-9229f90d7442,pop,,"[ti:Khileya]
[ar:Mitraz]
[la:HI]
[re:LRCgenerator.com]
[ve:4.00]

[00:09.64]O tere chehre da eh noor khileya
[00:12.99]Khoob khileya
[00:18.45]O tareyaan da wangu noor dil da
[00:22.96]Noor dil da
[00:27.74]Jaani tere bahano me tere fasano me
[00:33.87]khaabon taraaano me labde fire
[00:37.78]Lakh vaari tenu vekha bharda jiya na
[00:43.19]Ki fir aake mukhda tera vekh lein
[00:47.58]O tere chehre da eh noor khileya
[00:50.52]Khoob khileya
[00:53.66]Khoob khileya
[00:56.59]O tareyaan da wangu noor dil da
[01:00.95]Noor dil da
[01:04.00]Khoob khileya
[01:16.50]Dil eh khaali karwaya
[01:19.09]Inna dooje de lutaaya
[01:21.34]Sanu dene li raha na kuch naal ve
[01:25.55]Dil eh aakaan da sichaya
[01:28.43]Leke fool eh murjhaye
[01:31.06]Sanu tere darwaze de baitha rhe
[01:35.31]Duniya se pare hai vo duniya hamari
[01:40.65]Jaha sadda dil ja basa hai abhi
[01:45.21]Hum kahan the kahan hain hume na pata hai
[01:50.42]Zara tu bhi mud k mujhe dekh le
[01:54.48]O tere chehre da eh noor khileya
[01:58.65]Khoob khileya
[02:03.68]O tareyaan da wangu noor dil da
[02:08.21]Noor dil da
[02:14.46]Jaani tere bahano me tere fasano me
[02:19.24]khaabon taraaano me labde fire
[02:23.37]Lakh vaari tenu vekha bharda jiya na
[02:29.33]Ki fir aake mukhda tera vekh lein
",false,,135.9991776,"[0.37176990509033203,0.5097560286521912,0.2993752062320709,0.36984992027282715,0.2556002736091614,0.32992345094680786,0.23137637972831726,0.28173115849494934,0.5188080668449402,0.3998619616031647,0.35608789324760437,0.25978919863700867]",1444.491815,2016.300448,"[21.750715147829784,17.799002552568723,20.993095017622963,20.32280503661291,20.775719062592234,22.165389367849283,46.396223250741784]",0.004812401,0.044304474,0.243723422,"[-135.63980102539062,130.6093292236328,25.926124572753906,21.18147850036621,20.3308048248291,-0.46258196234703064,-0.46909093856811523,-0.32958635687828064,-7.630878925323486,4.494060039520264,-10.195499420166016,-0.6574117541313171,-7.713075160980225,-1.7869958877563477,0.2084251046180725,-6.891651630401611,-5.579269886016846,-2.2045419216156006,-9.172683715820312,-4.487815856933594]",,0,77634ddb-017e-4ea4-9c95-ee3127345dae,,2020,0.7,0.6,0.7,0.2,0.05,,,,,
6768b8b6-f220-4758-943b-8977174fadbb,Depending on You,The Rolling Stones,,,,,2025-06-29 09:13:16.401982+00,https://upload.wikimedia.org/wikipedia/en/Hackney_Diamonds.jpg,b7f936e9-5894-468a-85c9-3f059f623a15,,,,false,,,,,,,,,,,,0,,,,,,,,,,,,,
67ba4b6c-228d-4609-ab13-0c5686e725e0,"Radha Ke Sang Raas Rachaye Kanha (From ""RadhaKrishn"")",Suprabha KV,0e05fb8a-7a45-4c7f-9316-5a52975f4a93,3:58,6,https://yaysfbsmvtyqpbfhxstj.supabase.co/storage/v1/object/public/songs/radhakrishn/Radha%20Ke%20Sang%20Raas%20Rachaye%20Kanha%20(From%20_RadhaKrishn_).mp3,2025-01-11 09:50:07.79669+00,https://yaysfbsmvtyqpbfhxstj.supabase.co/storage/v1/object/public/songs/radhakrishn/images/Radha%20Ke%20Sang%20Raas%20Rachaye%20Kanha%20(From%20_RadhaKrishn_).jpg,9fc32049-00c1-4ee2-83ad-f05135996e5c,krishna,,,false,,,,,,,,,,,,0,77634ddb-017e-4ea4-9c95-ee3127345dae,,2020,0.7,0.6,0.7,0.2,0.05,,,,,
681edaa3-545c-4403-89c5-dea240c5e187,Alone Again,The Weekend,d5ae8b55-828e-4f4d-beec-d4db56eb19fd,13500,5,(https://yaysfbsmvtyqpbfhxstj.supabase.co/storage/v1/object/public/songs/Until%20I%20Bleed%20Out.mp3,2024-12-01 18:33:43.637226+00,,d227eca0-7d41-42c3-a76f-02834fa5dce9,r&b,,,false,,135.9991776,"[0.22482867538928986,0.18383648991584778,0.31643953919410706,0.31320780515670776,0.5885105729103088,0.37977346777915955,0.3313014507293701,0.38240817189216614,0.24236978590488434,0.2943202257156372,0.1903214305639267,0.26388460397720337]",2159.262307,2369.385273,"[21.54491964122787,16.297067359365403,20.76071871376934,20.043396776342533,19.2207075398312,18.928406134196734,49.72666322492414]",0.012065781,0.080678382,0.181443453,"[-101.07271575927734,95.16893005371094,1.7922642230987549,23.999984741210938,-3.390690803527832,14.015830993652344,4.188814640045166,7.116158962249756,-2.6746811866760254,15.50539493560791,6.7581353187561035,4.441393852233887,-0.7788170576095581,2.8866875171661377,-1.6233242750167847,4.712806701660156,2.2713170051574707,8.154330253601074,0.9534910917282104,8.146829605102539]",,0,,,2020,0.65,0.45,0.7,0.15,0.05,,,,,
6b254e2b-d084-4854-abb6-ceb36d43daca,My Car - Demo,Imagine Dragons,bc3edb05-3f78-45f4-a0fa-288131b62571,,,https://yaysfbsmvtyqpbfhxstj.supabase.co/storage/v1/object/public/songs/My Car - Demo.mp3?,2025-03-18 13:55:13.037066+00,https://yaysfbsmvtyqpbfhxstj.supabase.co/storage/v1/object/public/images/My Car - Demo.jpg?,52889cfe-4246-49f0-84c2-d6eec291b9eb,alternative rock,,,false,,172.265625,"[0.3242487609386444,0.39517083764076233,0.3509160280227661,0.3962920308113098,0.34316831827163696,0.4688068628311157,0.30811357498168945,0.2675839364528656,0.3328271508216858,0.34486156702041626,0.5215470790863037,0.3500421345233917]",1718.974759,1959.754503,"[22.400874088511017,15.539466390773509,18.743456698126188,17.75774332103053,18.192456558548507,18.76380664798006,47.46407578458819]",0.023558272,0.07551617,0.258357555,"[-76.5290756225586,118.01896667480469,-8.497054100036621,26.40110969543457,8.358725547790527,10.539566040039062,-4.939788818359375,9.88271713256836,-6.747096061706543,-1.645559310913086,-2.287407875061035,-1.1314527988433838,-0.7138872146606445,-0.5253289937973022,-5.714725017547607,3.966562032699585,-5.528847694396973,-1.5177009105682373,-3.903454542160034,-0.08516086637973785]",,0,,,2018,0.8,0.6,0.65,0.1,0.02,,,,,
6bb75d3a-f946-4946-8b19-25c27990d010,Tera Naam,"Anmol, Mitraz",0e05fb8a-7a45-4c7f-9316-5a52975f4a93,2:52,,https://yaysfbsmvtyqpbfhxstj.supabase.co/storage/v1/object/public/songs//Tera%20Naam.mp3,2025-02-22 17:50:02.10755+00,https://yaysfbsmvtyqpbfhxstj.supabase.co/storage/v1/object/public/images//tera-naam.jpg,8704481c-2241-474f-bd3b-8ba8ab2d3aac,pop,,"[ti:Tera Naam - Anmol A 320 Kbps]
[ar:Anmol, Mitraz]
[la:EN]
[re:LRCgenerator.com]
[ve:4.00]

[00:09.84]jab lu mai tera he naam re
[00:14.28]barsatein chali ayein
[00:20.00]ghulti hain teri Khushboo me ye fizayein
[00:26.78]akhiyon me tere nadiyan sari sare kinare
[00:37.03]mai ghar basa lu kahin teri galiyon me
[00:43.51]ke tumse nazar hai mile
[00:47.26]ha mere dil ki zami ko hai zaroori
[00:52.53]ye tera he rehem mahiye
[00:56.29]jab lun mai tera he naam re
[01:02.00]barsatein chali ayein
[01:06.23]zulfon me tere hai sanjh ve
[01:11.34]teri saasein bahaar layein
[01:15.75]main toh hu duniya bhar ki rasmo ko
[01:32.21]bhoola tumhe dekh jaana
[01:36.57]miloge kabhi mujhe tum Khushi se mai
[01:41.88]jhoom uthunga oh jaana
[01:46.10]ghar basa lu kahin teri galiyon me
[01:50.82]ke tumse nazar hai mile
[01:55.03]ha mere dil ki zami ko zaroori hai
[02:00.38]ye tera he rehem mahiye
[02:05.02]jab lun mai tera he naam re
[02:09.06]barsatein chali ayein
[02:13.04]zulfon me tere hai sanjh ve
[02:18.99]teri saasein bahaar layein
",false,,135.9991776,"[0.426719605922699,0.32381030917167664,0.3811264932155609,0.4816606044769287,0.4062959849834442,0.46490350365638733,0.3816187381744385,0.5015169382095337,0.4023783504962921,0.43662312626838684,0.5422115325927734,0.40194106101989746]",1202.676526,1877.755603,"[21.632512961677307,16.935040211388685,20.27184936818691,18.910516446937663,18.762673874716697,17.477202741971574,44.4162604001566]",0.004255508,0.031739727,0.277139068,"[-179.2955322265625,129.48699951171875,37.466609954833984,25.25115203857422,26.921422958374023,10.822948455810547,2.798478841781616,4.975865840911865,0.9794023633003235,3.347851037979126,1.4242026805877686,7.406513690948486,-6.511495113372803,0.5028364062309265,0.24294866621494293,0.6673645973205566,1.6664273738861084,3.050689697265625,-3.104853630065918,-0.3446604311466217]",,0,77634ddb-017e-4ea4-9c95-ee3127345dae,,2020,0.7,0.6,0.7,0.2,0.05,,,,,
6c45a783-01ca-459c-93ef-1045dee9def2,Say Don't Go (Taylor's Version),Taylor Swift,,,,,2025-06-29 09:13:16.401982+00,https://upload.wikimedia.org/wikipedia/en/1989_%28Taylor%27s_Version%29.png,87851146-7e57-4f24-b0dc-e29501d06cab,,,,false,,,,,,,,,,,,0,02e7ac34-8382-4f1c-82e6-0c902f2046a9,,,,,,,,,,,,
6de531fc-011a-4463-a8d4-b97f27b92aa3,Alone Again,The Weekend,d5ae8b55-828e-4f4d-beec-d4db56eb19fd,13500,4,https://yaysfbsmvtyqpbfhxstj.supabase.co/storage/v1/object/public/songs/Alone%20Again.mp3,2024-12-01 18:09:12.483583+00,https://i.ytimg.com/vi/lgNlFmsn4c8/hq720.jpg?sqp=-oaymwEhCK4FEIIDSFryq4qpAxMIARUAAAAAGAElAADIQj0AgKJD&rs=AOn4CLDk4QnivQiq0UuQyNsviU96iPsRLA,6f3665fd-e027-4dd0-b637-b0ccdb62fcef,r&b,,,false,,135.9991776,"[0.22482867538928986,0.18383648991584778,0.31643953919410706,0.31320780515670776,0.5885105729103088,0.37977346777915955,0.3313014507293701,0.38240817189216614,0.24236978590488434,0.2943202257156372,0.1903214305639267,0.26388460397720337]",2159.262307,2369.385273,"[21.54491964122787,16.297067359365403,20.76071871376934,20.043396776342533,19.2207075398312,18.928406134196734,49.72666322492414]",0.012065781,0.080678382,0.181443453,"[-101.07271575927734,95.16893005371094,1.7922642230987549,23.999984741210938,-3.390690803527832,14.015830993652344,4.188814640045166,7.116158962249756,-2.6746811866760254,15.50539493560791,6.7581353187561035,4.441393852233887,-0.7788170576095581,2.8866875171661377,-1.6233242750167847,4.712806701660156,2.2713170051574707,8.154330253601074,0.9534910917282104,8.146829605102539]",,0,,,2020,0.65,0.45,0.7,0.15,0.05,,,,,
6ec22a1d-6858-4dc0-a335-932c028445e2,Do You Wanna Be Perfect,"Selena Gomez, benny blanco",,,,,2025-05-01 03:00:28.745982+00,,432b9c29-5a6e-433c-9e1f-11766c2397f8,,,,false,,,,,,,,,,,,0,9fc41d15-f0aa-42ad-9c64-39495adee508,,,,,,,,,songs/Do You Wanna Be Perfect,,,
6f141eef-b6ec-4cac-9025-f869ab03bfca,Alone Again,The Weekend,d5ae8b55-828e-4f4d-beec-d4db56eb19fd,13500,5,"
https://yaysfbsmvtyqpbfhxstj.supabase.co/storage/v1/object/public/songs/Until%20I%20Bleed%20Out.mp3",2024-12-01 18:09:12.483583+00,https://i.ytimg.com/vi/lgNlFmsn4c8/hq720.jpg?sqp=-oaymwEhCK4FEIIDSFryq4qpAxMIARUAAAAAGAElAADIQj0AgKJD&rs=AOn4CLDk4QnivQiq0UuQyNsviU96iPsRLA,ad07477c-4a29-4c96-b2dc-94174347ef88,r&b,,,false,,135.9991776,"[0.22482867538928986,0.18383648991584778,0.31643953919410706,0.31320780515670776,0.5885105729103088,0.37977346777915955,0.3313014507293701,0.38240817189216614,0.24236978590488434,0.2943202257156372,0.1903214305639267,0.26388460397720337]",2159.262307,2369.385273,"[21.54491964122787,16.297067359365403,20.76071871376934,20.043396776342533,19.2207075398312,18.928406134196734,49.72666322492414]",0.012065781,0.080678382,0.181443453,"[-101.07271575927734,95.16893005371094,1.7922642230987549,23.999984741210938,-3.390690803527832,14.015830993652344,4.188814640045166,7.116158962249756,-2.6746811866760254,15.50539493560791,6.7581353187561035,4.441393852233887,-0.7788170576095581,2.8866875171661377,-1.6233242750167847,4.712806701660156,2.2713170051574707,8.154330253601074,0.9534910917282104,8.146829605102539]",,0,,,2020,0.65,0.45,0.7,0.15,0.05,,,,,
718e24cd-e1f9-4429-8557-60f9c13552b1,Driving Me Too Hard,The Rolling Stones,,,,,2025-06-29 09:13:16.401982+00,https://upload.wikimedia.org/wikipedia/en/Hackney_Diamonds.jpg,c07a5045-8725-4f92-bb02-f5dbe4bd0bee,,,,false,,,,,,,,,,,,0,,,,,,,,,,,,,
71b2aca7-6b15-4109-afcd-3e0640813a95,RadhaKrishn Naamawali Chant,"Mohit Lalwani, Akanksha Bhandari, Bharat Kamal",,8:22,,,2025-06-09 08:31:04.885818+00,https://c.saavncdn.com/927/Radhakrishna-Naamawali-Chant-Hindi-2023-20230419172306-500x500.jpg,1ff53bed-c8a1-49aa-9750-fec6c7b7e489,,,"
[00:01.27] Nat nagar Mohan Girdhaari
[00:05.03] Nat nagar Mohan Girdhaari
[00:08.96] Radha raani baat take tihaari
[00:12.66] Radha raani baat take tihaari
[00:16.61] Nat nagar Mohan Girdhaari
[00:20.39] Nat nagar Mohan Girdhaari
[00:24.23] Radha raani baat take tihaari
[00:28.02] Radha raani baat take tihaari
[00:31.77] Vrishbhanu suta priyaay pyaari
[00:35.52] Vrishbhanu suta priyaay pyaari
[00:39.53] Keshav Kanha baat take tihaari
[00:43.34] Keshav Kanha baat take tihaari
[00:47.13] Radha-Krishna, Radha Krishna
[00:50.99] Radha-Krishna, Radha-Krishna
[00:54.89] Radha-Krishna, Radha-Krishna
[00:58.69] Radha-Krishna, Radha-Krishna
[01:02.26] Gopika nandanaay Shyam Bihaari
[01:06.16] Gopika nandanaay Shyam Bihaari
[01:10.03] Radha raani baat take tihaari
[01:13.94] Radha raani baat take tihaari
[01:17.54] Gopi mandal mohanaay radhenyaari
[01:21.32] Gopi mandal mohanaay radhenyaari
[01:25.37] Keshav Kanha baat take tihaari
[01:29.08] Keshav Kanha baat take tihaari
[01:32.70] Radha-Krishna, Radha Krishna
[01:36.74] Radha-Krishna, Radha-Krishna
[01:40.60] Radha-Krishna, Radha-Krishna
[01:44.47] Radha-Krishna, Radha-Krishna
[01:48.06] Madhusudan maadhavaay hitakaari
[01:51.97] Madhusudan maadhavaay hitakaari
[01:55.87] Radha raani baat take tihaari
[01:59.63] Radha raani baat take tihaari
[02:03.40] Gopika geet charitaay vanshidhaari
[02:07.23] Gopika geet charitaay vanshidhaari
[02:10.90] Keshav Kanha baat take tihaari
[02:14.72] Keshav Kanha baat take tihaari
[02:18.73] Radha-Krishna, Radha Krishna
[02:22.44] Radha-Krishna, Radha-Krishna
[02:26.44] Radha-Krishna, Radha-Krishna
[02:30.01] Radha-Krishna, Radha-Krishna
[02:33.83]
[02:49.16] Devaki taap nashaay Girvardhaari
[02:53.28] Devaki taap nashaay Girvardhaari
[02:56.96] Radha raani baat take tihaari
[03:00.79] Radha raani baat take tihaari
[03:04.37] Radhika dhavaay rasikaay divya naari
[03:08.25] Radhika dhavaay rasikaay divya naari
[03:12.08] Keshav Kanha baat take tihaari
[03:16.14] Keshav Kanha baat take tihaari
[03:19.82] Radha-Krishna, Radha Krishna
[03:23.62] Radha-Krishna, Radha-Krishna
[03:27.48] Radha-Krishna, Radha-Krishna
[03:31.27] Radha-Krishna, Radha-Krishna
[03:35.14] Raas-krida ras-svadini ras-kaari
[03:39.06] Raas-krida ras-svadini ras-kaari
[03:42.65] Radha raani baat take tihaari
[03:46.54] Radha raani baat take tihaari
[03:50.20] Sarv Gopal prema-daay Vrishbhanu pyaari
[03:54.06] Sarv Gopal prema-daay Vrishbhanu pyaari
[03:57.71] Keshav Kanha baat take tihaari
[04:01.77] Keshav Kanha baat take tihaari
[04:05.63] Radha-Krishna, Radha Krishna
[04:09.28] Radha-Krishna, Radha-Krishna
[04:13.31] Radha-Krishna, Radha-Krishna
[04:16.84] Radha-Krishna, Radha-Krishna
[04:20.92] Kishori prananathaay aanandkaari
[04:24.81] Kishori prananathaay aanandkaari
[04:28.46] Radha raani baat take tihaari
[04:32.56] Radha raani baat take tihaari
[04:39.56] Lalitaay madhuraay
[04:41.61] Krishna vallabhaay pyaari
[04:43.88] Keshav Kanha baat take tihaari
[04:47.52] Keshav Kanha baat take tihaari
[04:51.50] Radha-Krishna, Radha Krishna
[04:55.33] Radha-Krishna, Radha-Krishna
[04:58.92] Radha-Krishna, Radha-Krishna
[05:02.97] Radha-Krishna, Radha-Krishna
[05:06.28]
[05:22.09] Krishnavenu sangeetaay prem sneh-dhaari
[05:25.80] Krishnavenu sangeetaay prem sneh-dhaari
[05:29.51] Radha raani baat take tihaari
[05:33.22] Radha raani baat take tihaari
[05:37.32] Vrishbhanu grih priyaay Krishna manuhaari
[05:41.00] Vrishbhanu grih priyaay Krishna manuhaari
[05:44.79] Keshav Kanha baat take tihaari
[05:48.86] Keshav Kanha baat take tihaari
[05:52.56] Radha-Krishna, Radha Krishna
[05:56.44] Radha-Krishna, Radha-Krishna
[06:00.01] Radha-Krishna, Radha-Krishna
[06:03.87] Radha-Krishna, Radha-Krishna
[06:07.71] Shri Krishna Krishnaay rasik murlidhaari
[06:11.42] Shri Krishna Krishnaay rasik murlidhaari
[06:15.34] Radha raani baat take tihaari
[06:19.24] Radha raani baat take tihaari
[06:22.81] Shri Krishna sahchari brajeshwari
[06:26.15] Shri Radha jee
[06:30.18] Shri Radha jee
[06:33.57]
[06:49.63] Nand nandan bhushitaaye divyambhardhaari
[06:53.66] Nand nandan bhushitaaye divyambhardhaari
[06:57.55] Radha raani baat take tihaari
[07:01.29] Radha raani baat take tihaari
[07:05.12] Shri Krishnadharaye nitya siddhaye sahkhi
[07:08.86] Shri Krishnadharaye nitya siddhaye sahkhi
[07:12.77] Keshav Kanha baat take tihaari
[07:16.45] Keshav Kanha baat take tihaari
[07:20.16] Radha-Krishna, Radha Krishna
[07:24.00] Radha-Krishna, Radha-Krishna
[07:27.97] Radha-Krishna, Radha-Krishna
[07:31.63] Radha-Krishna, Radha-Krishna
[07:35.50] Krishna vishwadharaye satyaye kripakaari
[07:39.57] Krishna vishwadharaye satyaye kripakaari
[07:43.15] Radha raani baat take tihaari
[07:47.02] Radha raani baat take tihaari
[07:50.80] Madhurya madhuraye premsaritaye ghatbhari
[07:57.95] Shri Radha jee
[08:02.41] Radha-Krishna, Radha Krishna
[08:05.97] Radha-Krishna, Radha-Krishna
[08:09.91] Radha-Krishna, Radha-Krishna
[08:13.66] Radha-Krishna
[08:17.48]",false,,,,,,,,,,,,0,,,,,,,,,,songs/Radhakrishna Naamawali Chant.mp3,,,
724488b7-c490-4214-8dd9-18a536e9c88c,Calling for You (feat. 21 Savage),Drake,,,,,2025-06-29 09:13:16.401982+00,https://upload.wikimedia.org/wikipedia/en/For_All_the_Dogs.jpg,a42a0923-e60b-4f21-9084-d1cb3f1aa34b,,,,false,,,,,,,,,,,,0,,,,,,,,,,,,,
7336e363-051a-4c15-8d60-720042bbf3c6,Virginia Beach,Drake,,,,,2025-06-29 09:13:16.401982+00,https://upload.wikimedia.org/wikipedia/en/For_All_the_Dogs.jpg,a3aabf09-ab7e-45dd-8812-b0c6f30733ec,,,,false,,,,,,,,,,,,0,,,,,,,,,,,,,
751ecf56-6031-4ff0-8160-25d48f0cf462,Poles Apart,Pink Floyd,37be7979-1f2c-4001-9a57-b951b79778d6,,29,https://yaysfbsmvtyqpbfhxstj.supabase.co/storage/v1/object/public/songs/Poles%20Apart.mp3?t=2025-01-15T03%3A57%3A39.353Z,2025-01-16 08:34:10.468363+00,https://yaysfbsmvtyqpbfhxstj.supabase.co/storage/v1/object/public/images/Poles%20Apart.jpg,aeb04051-4438-4d72-a732-f781dc475988,"album rock,art rock,classic rock,progressive rock,psychedelic rock,rock,symphonic rock",,,false,,123.046875,"[0.24385550618171692,0.32247668504714966,0.4535924196243286,0.2789066433906555,0.3572002053260803,0.2590443789958954,0.3772629499435425,0.3609756827354431,0.3306887447834015,0.5006067156791687,0.30011770129203796,0.34503230452537537]",1778.385952,2064.142259,"[19.77976252816584,16.164263600071934,20.106782589604407,19.53037940435067,20.349309371963884,19.568029470780704,49.6236690967341]",0.00819193,0.080390931,0.111652024,"[-140.75575256347656,118.57286071777344,-10.207097053527832,27.200603485107422,8.169353485107422,7.50236177444458,-2.388918399810791,0.6047645807266235,-5.358381748199463,4.193915367126465,-3.2433691024780273,4.325108051300049,1.0927940607070923,2.930172920227051,-2.8109259605407715,-1.2265421152114868,-3.551840305328369,1.6052035093307495,-1.7847647666931152,-0.3327777087688446]",,0,42a848b5-fae8-4038-849f-b38b72aa545c,,2020,0.7,0.6,0.7,0.2,0.05,,,,,
75313d42-48df-4b0b-829c-0c5f9a167211,Ghost,The Weekend,d5ae8b55-828e-4f4d-beec-d4db56eb19fd,13500,2,https://yaysfbsmvtyqpbfhxstj.supabase.co/storage/v1/object/public/songs/Ghost.mp3,2024-12-01 18:33:43.637226+00,,7ac2b829-1046-4f22-bd0a-dd537c7cad30,r&b,,,false,,103.359375,"[0.23048001527786255,0.3730158805847168,0.5517300367355347,0.30671393871307373,0.33507218956947327,0.24959099292755127,0.39754223823547363,0.30695608258247375,0.30547642707824707,0.46143946051597595,0.301577627658844,0.3366629481315613]",1764.816002,2013.896201,"[25.246408777865078,16.015691423633662,19.488299970673665,19.253573109649484,20.090804703488956,19.62097872516826,46.52438763697768]",0.01102908,0.074533469,0.176027626,"[-140.64755249023438,114.94989776611328,-0.38761329650878906,10.25007438659668,6.465071201324463,4.778058052062988,-3.8012592792510986,-1.7965059280395508,-5.30418062210083,1.0142192840576172,-5.0343098640441895,-1.121482014656067,-5.870096683502197,-1.923842191696167,-5.481966495513916,-4.194747447967529,-7.038852214813232,-0.5104938745498657,-5.138922691345215,-2.4566807746887207]",,0,,,2020,0.65,0.45,0.7,0.15,0.05,,,,,
7553bc88-f497-49eb-9fb7-5b4ffa35a958,Cleanin' Out My Closet,Eminem,27cdf5a8-8981-4df6-b6b8-88e13ad806ba,,,https://yaysfbsmvtyqpbfhxstj.supabase.co/storage/v1/object/public/songs/Cleanin__Out_My_Closet.mp3?,2025-03-19 17:31:49.96255+00,https://yaysfbsmvtyqpbfhxstj.supabase.co/storage/v1/object/public/images/Cleanin__Out_My_Closet.jpg?,1e90c318-f194-46bb-98a4-eedab9a79cea,hip-hop,,,false,,99.38401442,"[0.48859474062919617,0.35053879022598267,0.3120407164096832,0.32431313395500183,0.43969276547431946,0.34274613857269287,0.265919953584671,0.268928200006485,0.38786789774894714,0.5305545926094055,0.4544956684112549,0.5160572528839111]",2222.842239,2264.77622,"[20.503161005920045,17.31672269130957,19.576436856943225,20.34353552015203,18.22521322787679,19.92871586182294,47.55985373691247]",0.020839058,0.106500111,0.230368137,"[-99.99573516845703,101.73804473876953,7.606315612792969,25.829219818115234,11.13245964050293,-1.4820308685302734,5.401821613311768,11.597857475280762,-4.030378818511963,6.518640995025635,-7.6732096672058105,0.467235803604126,0.1446106731891632,2.529294490814209,-1.6737573146820068,3.433413028717041,-3.904564380645752,0.4435667097568512,-4.837979793548584,-0.5849719047546387]",,0,746037e8-0c1a-4da2-bf19-1a01673adb78,,2010,0.85,0.5,0.7,0.05,0.02,,,,,
7649f1ea-6566-4177-a10c-b3c867d95694,Daylight,Drake,,,,,2025-06-29 09:13:16.401982+00,https://upload.wikimedia.org/wikipedia/en/For_All_the_Dogs.jpg,6e5831eb-82cc-48cd-b2d4-768f89c253f1,,,,false,,,,,,,,,,,,0,,,,,,,,,,,,,
77b50e05-4e19-4adf-85af-cfcaa7dfc70d,Playin' Me - Demo,Imagine Dragons,bc3edb05-3f78-45f4-a0fa-288131b62571,,,https://yaysfbsmvtyqpbfhxstj.supabase.co/storage/v1/object/public/songs/Playin' Me - Demo.mp3?,2025-03-18 13:55:13.037066+00,https://yaysfbsmvtyqpbfhxstj.supabase.co/storage/v1/object/public/images/Playin' Me - Demo.jpg?,51700901-6426-43e5-bffe-cdd3c7fcd03d,alternative rock,,,false,,,,,,,,,,,,0,,,2018,0.8,0.6,0.65,0.1,0.02,,,,,
799ed1ff-1c38-4f4c-8fff-f728e324e3d4,Live By the Sword,The Rolling Stones,,,,,2025-06-29 09:13:16.401982+00,https://upload.wikimedia.org/wikipedia/en/Hackney_Diamonds.jpg,cf8b7938-0b9f-41f4-8944-324aa5fc7c97,,,,false,,,,,,,,,,,,0,,,,,,,,,,,,,
7a703909-7dd5-49eb-bdc9-d26fc6d2b07d,Dori,"Lost Stories, JAI DHIR",,2:39,,https://yaysfbsmvtyqpbfhxstj.supabase.co/storage/v1/object/public/songs//Dori.mp3,2025-06-30 03:55:05.955158+00,https://c.saavncdn.com/887/Marigold-Soundsystem-Deluxe-Punjabi-2023-20231031220956-500x500.jpg,51ce3d44-8636-49bf-a04b-8e0341ee2cb1,,,"Dil mera tere peeche
Firda rehena pagalan vangu
Hath vich na aaye bawala

Aakkhan vich bharlan tennu
Baahan vich tu bharle mennu
Baaki duniya me sambhla

Khona na chavan tennu
Par kehe na pavan tennu
Terete likhke hi
Me Padhna chaavan tennu

Te khabban ch auna tera
Fer aake satauna tera
Khulle jad akkhan meri
Sammne paawan tennu

Tere bajjo dil ni lagna
Kive dus din e langna
Apna banale te lagale
Seene naal

Tere bajjo dil ni lagna
Kive dus din e langna
Apna banale seene naal
Lagale ranjhna

Apna banale ranjhna
Seene naal lagale ranjhna

Teri kar sakda ni hod koi
Tennu shingaar di lod nai
Teri fulla wargi saadgi te
Dekhe me marde log kayi

Me vekkheya gallan karde ne
Jinna vich vasdi jaan nai
Kuj kehnde le tu jaan gayi
Kuj kehnde ne tu maan gayi

Tere bajjo dil ni lagna
Kive dus din e langna
Apna banale te lagale
Seene naal

Tere bajjo dil ni lagna
Kive dus din e langna
Apna banale seene naal
Lagale ranjhna

Haaye apna banale ranjhna
Apna banale
Seene naal lagale
Haye.tere mai hawale
Ranjhana",false,,,,,,,,,,,,0,,,,,,,,,,,,,
7bdf6649-32bc-44f7-acfe-497f71bfcf05,Sapphire,Ed Sheeran,,3:03,,,2025-06-09 16:36:05.577975+00,https://i1.sndcdn.com/artworks-BaIlOFhR6naV-0-t500x500.jpg,38a1a6fe-8f6c-48f7-96e9-81fd0fbea1cd,,,,false,,,,,,,,,,,,0,,,,,,,,,,"songs/Sapphire.mp3
",,,
7cbc36ac-520d-4f62-8344-4d28eb7a9f2f,My Wish For You (Innocent Warrior),Olivia Foa'i/Sulata Foai-Amiatu/Matatia Foai/Matthew Ineleo/Opetaia Foa'i/Disney,6fc7a1e8-41f9-4e37-8ea5-6e0b2d8d4a74,3360,13,https://yaysfbsmvtyqpbfhxstj.supabase.co/storage/v1/object/public/songs/My%20Wish%20For%20You%20(Innocent%20Warrior).mp3,2024-12-19 18:06:15.278825+00,,c0b4840a-47de-453c-a77e-4140f29f6e29,soundtrack,,,false,,129.1992188,"[0.1416683942079544,0.2717845141887665,0.4964628517627716,0.31548094749450684,0.28846925497055054,0.16455870866775513,0.20326030254364014,0.3056527078151703,0.3218831717967987,0.446359783411026,0.25640618801116943,0.18862904608249664]",1243.961102,1908.938632,"[20.489085809835842,18.467323007077248,19.83922616663454,19.274300692455288,19.212333413852587,21.54579679805947,48.472567655210774]",0.078388967,0.041523701,0.087375894,"[-286.9582214355469,120.33566284179688,22.81620216369629,19.985891342163086,12.051353454589844,4.223538398742676,15.692336082458496,5.795325756072998,-7.567164421081543,9.10485553741455,-12.035252571105957,-1.301019549369812,-6.3376545906066895,-4.228515148162842,-7.91065788269043,-1.2108075618743896,-9.98877239227295,-5.986194610595703,-2.7656402587890625,-3.9721267223358154]",,0,,,2022,0.65,0.75,0.7,0.25,0.01,,,,,
7d748ba4-cdc9-41ee-9601-4f7c1f8d6cc1,We're Back,Auli'i Cravalho/Villagers of Motunui/Disney,6fc7a1e8-41f9-4e37-8ea5-6e0b2d8d4a74,3660,16,https://yaysfbsmvtyqpbfhxstj.supabase.co/storage/v1/object/public/songs/We're%20Back.mp3,2024-12-19 18:06:15.278825+00,,1a134141-5ceb-452d-9f36-ef567e2db3fe,soundtrack,,,false,,112.3471467,"[0.3006194531917572,0.31544965505599976,0.3732779622077942,0.5307881832122803,0.38050854206085205,0.33468613028526306,0.30431249737739563,0.4200991094112396,0.4065021276473999,0.3311307728290558,0.3688971996307373,0.290070116519928]",1880.400385,2232.940877,"[22.013385334206287,14.00179275385256,16.7090641108685,17.783684081184063,17.92108882373078,18.75774445118174,45.39637458367231]",0.078768596,0.079155999,0.123316288,"[-140.97589111328125,99.75833129882812,1.555599570274353,24.04637336730957,5.566251277923584,2.0168356895446777,5.736247539520264,4.165179252624512,0.28420332074165344,9.230438232421875,-5.322972297668457,6.763816833496094,-2.7607622146606445,0.41686680912971497,-4.994848251342773,-2.2646191120147705,-2.4028518199920654,2.2721498012542725,-3.818995714187622,1.4224427938461304]",,0,,,2022,0.65,0.75,0.7,0.25,0.01,,,,,
7db02b7d-2c09-492c-ab97-b673607bb14f,Sweet Sounds of Heaven,The Rolling Stones,,,,,2025-06-29 09:13:16.401982+00,https://upload.wikimedia.org/wikipedia/en/Hackney_Diamonds.jpg,066d9894-d967-4ebe-8e35-a9cfa494b983,,,,false,,,,,,,,,,,,0,,,,,,,,,,,,,
7e2dbdcd-f784-4943-bd4b-c78c244110c1,Now and Then,The Beatles,,,,,2025-06-29 09:13:16.401982+00,https://upload.wikimedia.org/wikipedia/en/Now_and_Then_%28single%29.jpg,ca84cab0-fea8-4486-85e5-20d853b247f4,,,,false,,,,,,,,,,,,0,,,,,,,,,,,,,
7fb09a1e-3b24-4d3b-9704-f205a9e9ed98,Wishes,"Hasan Raheem, Talwiinder, Umair",,218,,https://yaysfbsmvtyqpbfhxstj.supabase.co/storage/v1/object/public/quick-play/wishes.mp3,2025-04-27 12:52:17.260554+00,https://c.saavncdn.com/291/Maybe-It-s-Love-Hindi-2023-20231211033657-500x500.jpg,94b8ec0b-1c3e-406f-ac6a-650c5102c194,pop,,,false,,,,,,,,,,,,0,,,2020,0.7,0.6,0.7,0.2,0.05,,,,,
7fd36e12-b0be-4de7-b345-1e3383754737,Space Child - 2007 Remaster,UFO,37be7979-1f2c-4001-9a57-b951b79778d6,14460,4,https://yaysfbsmvtyqpbfhxstj.supabase.co/storage/v1/object/public/songs/Space%20Child%20-%202007%20Remaster.mp3,2025-01-16 08:34:10.468363+00,https://yaysfbsmvtyqpbfhxstj.supabase.co/storage/v1/object/public/images/ab67616d0000b2736bf19d6765f0503b555691c1.jpg,c97ef4de-cda4-45d6-b469-0fca0aaac7ff,"album rock,glam metal,hard rock,metal,progressive rock",,,false,,129.1992188,"[0.2109900414943695,0.2828834354877472,0.3336608409881592,0.43109527230262756,0.5870943069458008,0.36146658658981323,0.3460295498371124,0.3474988043308258,0.37893223762512207,0.41754862666130066,0.31897133588790894,0.3221524655818939]",2296.019437,2328.9957,"[26.87136311661332,17.363733379331418,20.228411724364193,20.052249589713814,20.77059567784294,20.611824613570885,48.6121104589752]",0.01662243,0.110394881,0.170852542,"[-101.681396484375,82.13086700439453,-10.609960556030273,41.344356536865234,9.342491149902344,13.533720970153809,-0.37661290168762207,1.4298683404922485,-2.220515489578247,5.554771900177002,-2.0493898391723633,2.0396440029144287,-8.2901029586792,-5.337812423706055,-4.480172157287598,-1.285062313079834,-9.595465660095215,0.4538422226905823,-3.0337624549865723,1.2203550338745117]",,0,42a848b5-fae8-4038-849f-b38b72aa545c,,2020,0.7,0.6,0.7,0.2,0.05,,,,,
80209595-ac40-4855-885c-44624b3ca77f,Starboy,The Weeknd,56dbced7-3584-44fc-85a8-3b08f6e1a382,13800,1,https://yaysfbsmvtyqpbfhxstj.supabase.co/storage/v1/object/public/songs/Starboy.mp3,2024-12-19 05:14:36.761384+00,,ec2c67f5-18b8-44b2-89a5-148a47a5b9f9,r&b,,,false,,92.28515625,"[0.5130904912948608,0.3913528025150299,0.4233100414276123,0.3308321535587311,0.4344232678413391,0.3407008647918701,0.35408371686935425,0.5040673017501831,0.5382479429244995,0.6150490045547485,0.470470666885376,0.5079690217971802]",1879.409362,2376.315804,"[23.45353510268489,15.498082992813304,18.555313882850836,17.89521464778938,18.805580718222572,18.768576220081933,45.80055624736299]",0.011439685,0.051319909,0.334153891,"[-80.36834716796875,101.83523559570312,9.926129341125488,25.559141159057617,12.151016235351562,8.811452865600586,10.343111038208008,5.438783168792725,-3.6930384635925293,10.693331718444824,2.207984447479248,-0.3914603888988495,3.0387766361236572,3.9818336963653564,1.731710433959961,4.82410192489624,-1.2417033910751343,3.8166637420654297,-2.326453685760498,5.330502986907959]",,0,,,2020,0.65,0.45,0.7,0.15,0.05,,,,,
80289f76-12d1-452c-bd82-e465653146eb,FE!N (feat. Playboi Carti),Travis Scott/Playboi Carti,27cdf5a8-8981-4df6-b6b8-88e13ad806ba,,,https://yaysfbsmvtyqpbfhxstj.supabase.co/storage/v1/object/public/songs/FE_N__feat._Playboi_Carti_.mp3?,2025-03-19 17:31:49.96255+00,https://yaysfbsmvtyqpbfhxstj.supabase.co/storage/v1/object/public/images/FE_N__feat._Playboi_Carti_.jpg?,b825e914-e2d0-45de-aa43-68d35bdd705f,pop,,,false,,151.9990809,"[0.4926888644695282,0.44547489285469055,0.4338993728160858,0.56548672914505,0.3687911033630371,0.44229209423065186,0.4542069137096405,0.41143494844436646,0.5145161151885986,0.4483715295791626,0.6329621076583862,0.558497428894043]",2885.536117,2939.63654,"[18.39175168920741,15.395638796576023,17.646809074839727,17.532756861637523,18.34044304233846,17.727251775180516,48.11488423190633]",0.033797219,0.121959952,0.380514294,"[4.955013751983643,69.29780578613281,17.544757843017578,21.182994842529297,10.31384563446045,9.3720703125,-2.5805037021636963,7.1267991065979,-4.821774005889893,8.2200927734375,-3.024636745452881,5.387331962585449,-1.4490647315979004,1.9236249923706055,-0.9041305780410767,2.5689265727996826,-2.25643253326416,-0.8804951310157776,-0.95225590467453,1.9733670949935913]",,0,746037e8-0c1a-4da2-bf19-1a01673adb78,,2020,0.7,0.6,0.7,0.2,0.05,,,,,
806f4697-e0b0-4450-8554-5aee26389cdc,Finding The Way (Reprise),"Opetaia Foaâ€™i, Mark Mancina",6fc7a1e8-41f9-4e37-8ea5-6e0b2d8d4a74,4320,3,https://yaysfbsmvtyqpbfhxstj.supabase.co/storage/v1/object/public/songs/Finding%20The%20Way%20(Reprise).mp3,2024-12-15 05:24:06.446196+00,https://t2.genius.com/unsafe/425x425/https%3A%2F%2Fimages.genius.com%2Fbca5935f8c59ff75aa69f9d1a346eb41.1000x1000x1.png,4b2a6d19-f64b-431a-8102-252b5afc644c,pop,,,false,,92.28515625,"[0.2641898989677429,0.3973943293094635,0.37075650691986084,0.3455498218536377,0.5615131855010986,0.36907610297203064,0.3272899389266968,0.2530251145362854,0.31522348523139954,0.5559120774269104,0.3434898555278778,0.33931246399879456]",1623.147626,1980.265829,"[18.183447474430714,13.558675129539006,16.858722449566322,17.79006883721385,18.029186604581664,18.487180927360562,46.23981369590891]",0.082731433,0.070035191,0.132703364,"[-167.37010192871094,107.31854248046875,-0.02082473784685135,19.846145629882812,1.5009024143218994,6.345791816711426,6.207775592803955,0.8729175329208374,-5.408580303192139,6.549015045166016,-5.972689628601074,0.9378213286399841,-1.7729140520095825,-0.2054424285888672,-0.7661319375038147,0.37993893027305603,-2.9837050437927246,0.45536282658576965,-4.684995174407959,-2.9935503005981445]",,0,,,2020,0.7,0.6,0.7,0.2,0.05,,,,,
808d8bf0-d42f-4941-b7d5-37a5f4bc0f7b,The Sound of Silence - Acoustic Version,Simon & Garfunkel,37be7979-1f2c-4001-9a57-b951b79778d6,11100,12,https://yaysfbsmvtyqpbfhxstj.supabase.co/storage/v1/object/public/songs/The%20Sound%20of%20Silence%20-%20Acoustic%20Version.mp3,2025-01-16 08:34:10.468363+00,https://yaysfbsmvtyqpbfhxstj.supabase.co/storage/v1/object/public/images/The%20Sound%20of%20Silence%20-%20Acoustic%20Version.jpg,b0e7a15e-a4f1-40f2-85a5-63a8ba45e2a5,"classic rock,folk,folk rock,melancholia,mellow gold,rock,soft rock",,,false,,107.6660156,"[0.20368309319019318,0.39353224635124207,0.3214729130268097,0.39521339535713196,0.2983072102069855,0.3831600248813629,0.5316974520683289,0.3350163698196411,0.2596583068370819,0.21753919124603271,0.3535660207271576,0.25244903564453125]",1810.728664,2229.275617,"[27.53090946062009,18.010085667009474,20.53644197204267,20.08491652408143,19.369174456810374,18.824093454601076,47.88548961694453]",0.013747108,0.070600155,0.108444847,"[-179.2806396484375,107.6202163696289,9.067227363586426,25.986225128173828,3.831899404525757,10.462922096252441,-1.7774975299835205,2.300565242767334,-5.772582530975342,-1.6057144403457642,-9.011436462402344,-1.2342889308929443,-6.720651626586914,-6.315148830413818,-8.198718070983887,-6.858107566833496,-13.142020225524902,-4.822247505187988,-7.623783111572266,-3.5490305423736572]",,0,42a848b5-fae8-4038-849f-b38b72aa545c,,2020,0.7,0.6,0.7,0.2,0.05,,,,,
80a497d8-2552-497f-bae8-2ae24f4bfb39,The Temple Of The King,Rainbow,37be7979-1f2c-4001-9a57-b951b79778d6,16920,8,https://yaysfbsmvtyqpbfhxstj.supabase.co/storage/v1/object/public/songs/The%20Temple%20Of%20The%20King.mp3,2025-01-16 08:34:10.468363+00,https://yaysfbsmvtyqpbfhxstj.supabase.co/storage/v1/object/public/images/The%20Temple%20Of%20The%20King.jpg,ffcc7997-ff70-481f-81a7-a73c84a8139b,"album rock,classic rock,glam metal,hard rock,metal,rock",,,false,,83.35433468,"[0.37363412976264954,0.31531935930252075,0.4117000102996826,0.35865649580955505,0.42957621812820435,0.3203172981739044,0.2130424678325653,0.2813470959663391,0.3008832037448883,0.427870512008667,0.282001256942749,0.3046063780784607]",1562.234562,1801.400194,"[23.4668292454125,17.63615886239563,20.757013159917765,23.100318755031434,23.715685221266227,24.738892783203895,47.97827847050567]",0.005169876,0.075293154,0.114954874,"[-169.20433044433594,124.67870330810547,-17.75912857055664,41.77318572998047,8.063268661499023,-0.5100201368331909,0.10304279625415802,4.959472179412842,4.119988918304443,2.1663084030151367,-10.485050201416016,-0.6402127146720886,-9.522404670715332,-6.042229652404785,-4.20188045501709,-5.628283977508545,-10.841024398803711,-6.393594264984131,-1.6805933713912964,0.8016746044158936]",,0,42a848b5-fae8-4038-849f-b38b72aa545c,,2020,0.7,0.6,0.7,0.2,0.05,,,,,
81885088-130a-4cb9-b5e3-687c184e394c,Strange Ways - Demo,Imagine Dragons,bc3edb05-3f78-45f4-a0fa-288131b62571,,,https://yaysfbsmvtyqpbfhxstj.supabase.co/storage/v1/object/public/songs/Strange Ways - Demo.mp3?,2025-03-18 13:55:13.037066+00,https://yaysfbsmvtyqpbfhxstj.supabase.co/storage/v1/object/public/images/Strange Ways - Demo.jpg?,51a8f78b-e9e3-448f-836a-7c220e2325e8,alternative rock,,,false,,112.3471467,"[0.5104463696479797,0.3190973401069641,0.27218368649482727,0.27118009328842163,0.43343302607536316,0.4797554314136505,0.3728744089603424,0.451537162065506,0.33110541105270386,0.29624804854393005,0.23651182651519775,0.2930232882499695]",1820.30771,2109.988137,"[24.603735525460554,17.287478974092124,19.568032103536346,18.58855992320042,18.39708795522614,17.817460092132357,46.743314405646785]",0.023382144,0.070927803,0.21308589,"[-124.76966094970703,105.11553192138672,-5.540294647216797,23.58705711364746,10.944448471069336,10.975232124328613,-0.6335755586624146,6.946585655212402,-2.645979881286621,1.1419810056686401,1.8858562707901,1.0828959941864014,0.787559449672699,-0.31478801369667053,-2.283977746963501,1.5446586608886719,-3.5681378841400146,-2.4472756385803223,-2.927311897277832,0.7860826253890991]",,0,,,2018,0.8,0.6,0.65,0.1,0.02,,,,,
846df8f7-bfeb-41c5-8918-7a53c7110ae0,Mockingbird,Eminem,27cdf5a8-8981-4df6-b6b8-88e13ad806ba,,,https://yaysfbsmvtyqpbfhxstj.supabase.co/storage/v1/object/public/songs/Mockingbird.mp3?,2025-03-19 17:31:49.96255+00,https://yaysfbsmvtyqpbfhxstj.supabase.co/storage/v1/object/public/images/Mockingbird.jpg?,268c6462-a5ef-4b1b-ba04-3c86fcdb8d1e,hip-hop,,,false,,112.3471467,"[0.48298993706703186,0.4433208107948303,0.48194533586502075,0.49185556173324585,0.548416793346405,0.4644806683063507,0.43651941418647766,0.4194839894771576,0.3476078510284424,0.35642826557159424,0.3753705620765686,0.4948021173477173]",2198.848936,2365.041533,"[21.38762884309127,16.520046817590302,19.950822418282968,18.498650038676818,18.03034256919212,18.03233715905553,47.55874538457816]",0.017329659,0.069279087,0.316869318,"[-63.06731033325195,94.67382049560547,13.42293930053711,36.15525817871094,12.5354585647583,10.403660774230957,3.6322696208953857,7.406343936920166,0.48797863721847534,4.622060298919678,-3.514582633972168,7.7058539390563965,0.7379589080810547,1.8696101903915405,-0.35772714018821716,11.149633407592773,-2.92238712310791,9.013242721557617,3.0196452140808105,5.393468856811523]",,0,746037e8-0c1a-4da2-bf19-1a01673adb78,,2010,0.85,0.5,0.7,0.05,0.02,,,,,
8595c29a-b102-47a7-8dde-5cf45937439e,Unholy (feat. Kim Petras),Sam Smith/Kim Petras,27cdf5a8-8981-4df6-b6b8-88e13ad806ba,,,https://yaysfbsmvtyqpbfhxstj.supabase.co/storage/v1/object/public/songs/Unholy__feat._Kim_Petras_.mp3?,2025-03-19 17:31:49.96255+00,https://yaysfbsmvtyqpbfhxstj.supabase.co/storage/v1/object/public/images/Unholy__feat._Kim_Petras_.jpg?,c76eefec-aaf6-4f6e-8357-3ac5e616c360,pop,,,false,,129.1992188,"[0.44136756658554077,0.5761539340019226,0.535233199596405,0.42380547523498535,0.41327545046806335,0.46644389629364014,0.4692569077014923,0.3866507411003113,0.5408163070678711,0.5265711545944214,0.408479243516922,0.38421720266342163]",2276.574189,2395.674184,"[20.515377290665686,15.407845463724241,18.14598087699306,18.46698755437436,18.72455590278896,19.344336278048292,47.554276515202936]",0.018223826,0.088687017,0.275938302,"[-82.32478332519531,77.20650482177734,-9.596840858459473,24.03598976135254,-0.61380535364151,6.430216312408447,2.1036040782928467,3.5045371055603027,-1.9863253831863403,9.014683723449707,1.9590020179748535,3.206888437271118,1.4694150686264038,3.0538511276245117,-1.6511081457138062,6.597105979919434,-1.2087877988815308,5.930375099182129,2.7058637142181396,3.0490145683288574]",,0,746037e8-0c1a-4da2-bf19-1a01673adb78,,2020,0.7,0.6,0.7,0.2,0.05,,,,,
85b6168c-f72f-4429-b896-9fd295470719,O Kanha O Krishna,Sanatana Sankirtan,0e05fb8a-7a45-4c7f-9316-5a52975f4a93,3:41,8,https://yaysfbsmvtyqpbfhxstj.supabase.co/storage/v1/object/public/songs/radhakrishn/O%20Kanha%20O%20Krishna.mp3,2025-01-11 09:50:07.79669+00,https://yaysfbsmvtyqpbfhxstj.supabase.co/storage/v1/object/public/songs/radhakrishn/images/O%20Kanha%20O%20Krishna.jpg,f0bf4b88-30ba-40ef-b577-e4dbaa9dafa2,krishna,,,false,,99.38401442,"[0.11160492151975632,0.11292599141597748,0.09886050224304199,0.27165597677230835,0.40703916549682617,0.1875036358833313,0.3045463562011719,0.2031036913394928,0.4052434265613556,0.18521657586097717,0.08765017241239548,0.1457885205745697]",2133.120496,2592.829652,"[22.97561872407514,18.651237139613354,23.708666758443513,23.183328988609706,22.797249817134485,21.868069305769644,47.862334947127586]",0.009990373,0.080376664,0.182655334,"[-130.33157348632812,94.26927947998047,18.32129669189453,8.285712242126465,-0.9387685656547546,-3.3318800926208496,-10.23708438873291,-5.993803977966309,-4.473130226135254,-5.018843173980713,-8.492801666259766,-8.217561721801758,-19.783891677856445,-6.403868198394775,-6.834822654724121,-2.063384771347046,1.2120029926300049,6.573525905609131,3.1364870071411133,7.12093448638916]",,0,77634ddb-017e-4ea4-9c95-ee3127345dae,,2020,0.7,0.6,0.7,0.2,0.05,,,,,
8634671f-27b4-40ab-a348-b26e937d3573,Call Me When You Break Up (with Gracie Abrams) - Acoustic Version,"Selena Gomez, benny blanco, Gracie Abrams",,,,,2025-05-01 03:00:28.745982+00,,e663d4d5-7683-44d2-adcc-8bc597c381d1,,,,false,,,,,,,,,,,,0,9fc41d15-f0aa-42ad-9c64-39495adee508,,,,,,,,,songs/Call+Me+When,,,
86442fbc-cc8e-4d61-9777-c9afe200f6cf,Love You Different (feat. BEAM),Justin Bieber,c2db778d-b597-4ccf-b21f-9d5a5a3544ba,12600,3,https://yaysfbsmvtyqpbfhxstj.supabase.co/storage/v1/object/public/songs/Love%20You%20Different%20(feat.%20BEAM).mp3,2024-11-29 09:18:51.625826+00,https://yaysfbsmvtyqpbfhxstj.supabase.co/storage/v1/object/sign/artists/justin%20bieber/justice.png?token=eyJhbGciOiJIUzI1NiIsInR5cCI6IkpXVCJ9.eyJ1cmwiOiJhcnRpc3RzL2p1c3RpbiBiaWViZXIvanVzdGljZS5wbmciLCJpYXQiOjE3MzY3NDUxNDcsImV4cCI6NDg5MDM0NTE0N30.VdhHBCJVQexORqxW_cyjF_ik0t-G87uhVd05uoeHzuw&t=2025-01-13T05%3A12%3A26.868Z,2390d8ef-4da5-492f-812c-018e695c7ac1,pop,true,,false,,129.1992188,"[0.5378138422966003,0.40456441044807434,0.3364848494529724,0.3799022138118744,0.31024640798568726,0.36831891536712646,0.27087855339050293,0.3854066729545593,0.4381483793258667,0.3556572198867798,0.49970030784606934,0.42017272114753723]",2509.763053,2782.875294,"[18.61741095442457,15.946613127314986,19.783094103005094,18.01568887117901,17.926273106147832,17.66192306871671,48.69872196040483]",0.021293415,0.090815153,0.284527212,"[-76.64444732666016,82.47512817382812,16.61426544189453,12.856245994567871,10.893074035644531,4.882504463195801,-2.699554681777954,1.7010927200317383,-2.9745779037475586,6.048502445220947,-3.1249961853027344,3.482755661010742,-1.3947278261184692,6.380294322967529,0.0462515689432621,4.145707607269287,-2.162597894668579,3.2843337059020996,-2.574235200881958,1.4116922616958618]",,0,,,2021,0.6,0.7,0.75,0.25,0.01,,,,,
876e7a83-a9c9-4c09-8d1f-42e48b8dc30c,Too Late,The Weekend,d5ae8b55-828e-4f4d-beec-d4db56eb19fd,13500,9,https://yaysfbsmvtyqpbfhxstj.supabase.co/storage/v1/object/public/songs/Too%20Late.mp3,2024-12-01 18:09:12.483583+00,,4cd1a2bd-8422-473e-8075-681e1dc2ba3d,r&b,,,false,,123.046875,"[0.368670254945755,0.32367101311683655,0.41115614771842957,0.31821203231811523,0.4856839179992676,0.31032124161720276,0.42743486166000366,0.5080512166023254,0.36393171548843384,0.4805651307106018,0.3611598610877991,0.5048679709434509]",2346.186322,2371.239683,"[21.577382501377876,15.064692675098573,18.497524920666013,18.34938545857437,18.49084646788187,19.697146226685067,49.31789696779877]",0.023982819,0.098403371,0.102571435,"[-136.0342559814453,87.40998077392578,-18.311426162719727,9.441242218017578,-6.73919677734375,1.9500038623809814,-4.837606430053711,0.9241155982017517,-7.860772609710693,5.838024139404297,-2.0331099033355713,0.029199181124567986,-4.409677028656006,5.319884300231934,-1.8213495016098022,4.69379997253418,1.391144037246704,4.0957841873168945,-0.9855557680130005,7.9111833572387695]",,0,,,2020,0.65,0.45,0.7,0.15,0.05,,,,,
882dfb48-cc36-4329-89ad-b279724d2779,How Does It Feel To Be Forgotten,"Selena Gomez, benny blanco",,,,https://resonance-bucket-1.s3.us-east-005.backblazeb2.com/songs/How+Does+It+Feel+To+Be+Forgotten.mp3,2025-05-01 03:00:28.745982+00,https://resonance-bucket-1.s3.us-east-005.backblazeb2.com/images/How+Does+It+Feel+To+Be+Forgotten.jpg,c78acd66-507c-43c0-abd3-e1649ea2ff31,,,,false,,,,,,,,,,,,0,9fc41d15-f0aa-42ad-9c64-39495adee508,,,,,,,,,,,,
89b9b96c-5889-41f8-bfa0-156b222e657d,Tulou Tagaloa (Sei e Va'ai Mai),Olivia Foa'i/Te Vaka/Disney,6fc7a1e8-41f9-4e37-8ea5-6e0b2d8d4a74,3240,14,https://yaysfbsmvtyqpbfhxstj.supabase.co/storage/v1/object/public/songs/Tulou%20Tagaloa%20(Sei%20e%20Va'ai%20Mai).mp3,2024-12-19 18:06:15.278825+00,,1290ee1f-5b21-445c-a3c5-0d3b1b228add,soundtrack,,,false,,123.046875,"[0.21531705558300018,0.20421896874904633,0.31879931688308716,0.15934760868549347,0.14455607533454895,0.17538698017597198,0.38403618335723877,0.47019821405410767,0.3030899167060852,0.37933847308158875,0.3869782090187073,0.4121817648410797]",1339.499074,1532.916674,"[18.9227377446453,16.735960878627907,18.370555567422787,19.90448615629308,20.07941913139601,22.857729306743522,45.76193513566563]",0.091004223,0.071548378,0.048503153,"[-285.50433349609375,120.96302795410156,-16.129138946533203,7.927078723907471,4.527952194213867,0.3985954523086548,8.765469551086426,8.939678192138672,4.7051100730896,11.935247421264648,-9.6777925491333,-2.3274405002593994,1.3516947031021118,6.600998401641846,8.921884536743164,3.785651683807373,4.673312664031982,-1.6758179664611816,-0.11621765047311783,1.1472053527832031]",,0,,,2022,0.65,0.75,0.7,0.25,0.01,,,,,
8ab24a60-2691-45fc-9ffa-84a1dbd9979f,Anyone,Justin Bieber,c2db778d-b597-4ccf-b21f-9d5a5a3544ba,13500,1,https://yaysfbsmvtyqpbfhxstj.supabase.co/storage/v1/object/sign/songs/Anyone.mp3?token=eyJhbGciOiJIUzI1NiIsInR5cCI6IkpXVCJ9.eyJ1cmwiOiJzb25ncy9BbnlvbmUubXAzIiwiaWF0IjoxNzMyODcxNzEwLCJleHAiOjIwNDgyMzE3MTB9.eBIhcBKOrS58VkTexjkIo7smJ2ytTEOTRq78G82-I8U,2024-11-29 09:18:51.625826+00,https://yaysfbsmvtyqpbfhxstj.supabase.co/storage/v1/object/sign/artists/justin%20bieber/justice.png?token=eyJhbGciOiJIUzI1NiIsInR5cCI6IkpXVCJ9.eyJ1cmwiOiJhcnRpc3RzL2p1c3RpbiBiaWViZXIvanVzdGljZS5wbmciLCJpYXQiOjE3MzY3NDUxNDcsImV4cCI6NDg5MDM0NTE0N30.VdhHBCJVQexORqxW_cyjF_ik0t-G87uhVd05uoeHzuw&t=2025-01-13T05%3A12%3A26.868Z,a9e6012e-0b72-4b7a-af2f-2ca8fa0f40a9,pop,true,,false,,117.4538352,"[0.2930646538734436,0.426593542098999,0.5420372486114502,0.3566623032093048,0.3882465660572052,0.32264870405197144,0.43438613414764404,0.3392520248889923,0.36108627915382385,0.5021941065788269,0.33417433500289917,0.29960840940475464]",1616.624915,2017.246241,"[20.622501414014263,15.726536563870315,19.435965573982287,20.144147154382985,22.368881925679883,23.50753753159607,47.61816606652605]",0.006267803,0.067773274,0.115564406,"[-190.63697814941406,112.45523834228516,11.45516586303711,13.91626262664795,13.779134750366211,5.378379821777344,-2.28316330909729,7.422587871551514,0.9653428792953491,8.473593711853027,0.9732017517089844,0.4816156029701233,-0.5896415710449219,2.366307020187378,-0.4934196174144745,1.1669291257858276,-1.8962074518203735,4.055613040924072,-2.3254384994506836,1.8181302547454834]",,0,,,2021,0.6,0.7,0.75,0.25,0.01,,,,,
8b8f9b07-0302-413f-a964-e02ad8ca59c5,Deserve You,Justin Bieber,c2db778d-b597-4ccf-b21f-9d5a5a3544ba,11220,4,https://yaysfbsmvtyqpbfhxstj.supabase.co/storage/v1/object/public/songs/Deserve%20You.mp3,2024-12-19 11:21:18.984227+00,https://yaysfbsmvtyqpbfhxstj.supabase.co/storage/v1/object/sign/artists/justin%20bieber/justice.png?token=eyJhbGciOiJIUzI1NiIsInR5cCI6IkpXVCJ9.eyJ1cmwiOiJhcnRpc3RzL2p1c3RpbiBiaWViZXIvanVzdGljZS5wbmciLCJpYXQiOjE3MzY3NDUxNDcsImV4cCI6NDg5MDM0NTE0N30.VdhHBCJVQexORqxW_cyjF_ik0t-G87uhVd05uoeHzuw&t=2025-01-13T05%3A12%3A26.868Z,b31ac176-c3c7-4702-8884-cb487970e016,pop,true,,false,,89.10290948,"[0.3142342269420624,0.39880213141441345,0.5077826380729675,0.32284310460090637,0.3811209499835968,0.31080326437950134,0.4208453297615051,0.3858943283557892,0.42010632157325745,0.5570286512374878,0.388009250164032,0.42838650941848755]",1903.802971,2276.149341,"[23.774918941492597,14.903408220425407,19.156478173010424,19.430854664085352,20.458332491806765,18.176338242437826,46.98185063453332]",0.012290369,0.067170195,0.268672764,"[-98.19606018066406,107.040771484375,13.461332321166992,12.24400520324707,8.498459815979004,9.667911529541016,-0.5649034976959229,3.8323614597320557,-2.5497429370880127,5.506385326385498,2.375962257385254,3.474980592727661,-0.9472728967666626,3.6514458656311035,-2.061889410018921,0.001992120873183012,-5.1117448806762695,3.308320999145508,-5.359617233276367,0.2943994104862213]",,0,,,2021,0.6,0.7,0.75,0.25,0.01,,,,,
8f290124-be7f-47a6-b266-a37c3bbda143,Aayi Nai,"Sachin-Jigar,Pawan Singh,Simran Choudhary,Divya Kumar,Amitabh Bhattacharya",37be7979-1f2c-4001-9a57-b951b79778d6,11880,1,https://yaysfbsmvtyqpbfhxstj.supabase.co/storage/v1/object/public/songs/Aayi%20Nai.mp3,2025-01-16 08:34:10.468363+00,https://yaysfbsmvtyqpbfhxstj.supabase.co/storage/v1/object/public/images/aayi_nai_stree2.jpg,f0674d1c-318e-468b-9274-e2cab2c11181,"filmi,gujarati pop,modern bollywood,bhojpuri pop,indian folk",,,false,,123.046875,"[0.2800205945968628,0.3553355038166046,0.23230959475040436,0.2880663573741913,0.3582862913608551,0.4092499315738678,0.5996896624565125,0.39967507123947144,0.4507889151573181,0.40567460656166077,0.3182676136493683,0.33282119035720825]",1920.83564,2298.62054,"[20.84601855233006,15.722046840140827,18.922491235777972,18.780671789640564,19.897071254544,19.012011695224576,46.48888477122735]",0.018534418,0.074355709,0.258678496,"[-89.11295318603516,100.01211547851562,2.2988204956054688,10.77566146850586,4.154659271240234,8.141671180725098,-1.052011489868164,4.40824031829834,-4.293281555175781,5.557438373565674,-2.368839740753174,1.3532490730285645,-2.090254545211792,0.16435575485229492,-1.091042160987854,4.765295028686523,1.7679314613342285,9.388179779052734,5.059817314147949,6.042352676391602]",,0,42a848b5-fae8-4038-849f-b38b72aa545c,,2023,0.75,0.7,0.8,0.15,0.01,,,,,
8f68aac0-aed7-4021-a684-abbceb067677,Bluest Flame,"Selena Gomez, benny blanco",,,,,2025-05-01 03:00:28.745982+00,,7fe0d5b5-2e83-45e9-9785-4d861e06ac39,,,,false,,,,,,,,,,,,0,9fc41d15-f0aa-42ad-9c64-39495adee508,,,,,,,,,songs/Bluest Flame.mp3,images/Bluest Flame.jpg,,
8f9028ab-76e2-40b1-bfd1-3358f25ffc4c,Beyond(Reprise),Auli'i Cravalho,6fc7a1e8-41f9-4e37-8ea5-6e0b2d8d4a74,3360,5,https://yaysfbsmvtyqpbfhxstj.supabase.co/storage/v1/object/public/songs/Beyond%20(Reprise).mp3,2024-12-15 05:27:56.891974+00,,aa4a211f-8d8f-48f4-89d9-95afde815023,pop,,,false,,99.38401442,"[0.2400640845298767,0.30158156156539917,0.5050898790359497,0.2995823621749878,0.23243679106235504,0.21756218373775482,0.19658435881137848,0.2361973077058792,0.2745785117149353,0.4756990075111389,0.27466800808906555,0.20340527594089508]",1720.403894,1960.008427,"[18.047430100336594,14.808810354977576,19.42433978025048,20.063644752775364,19.008255262336043,18.871525663321435,45.53474811426767]",0.098467648,0.078675266,0.106803179,"[-260.0804748535156,83.89799499511719,-1.103037714958191,15.176603317260742,5.668976783752441,1.8415857553482056,4.68524694442749,2.6706900596618652,-1.087900996208191,3.8231422901153564,-6.652804851531982,0.8670255541801453,-4.367265224456787,0.324383020401001,-2.6368110179901123,1.1474581956863403,2.2712700366973877,3.1541757583618164,-1.8527897596359253,-1.5897467136383057]",,0,,,2020,0.7,0.6,0.7,0.2,0.05,,,,,
8fa4264d-a4a9-453d-a5f7-7ecb5d2ebe35,Dream On,Aerosmith,27cdf5a8-8981-4df6-b6b8-88e13ad806ba,,,https://yaysfbsmvtyqpbfhxstj.supabase.co/storage/v1/object/public/songs/Dream_On.mp3?,2025-03-19 17:31:49.96255+00,https://yaysfbsmvtyqpbfhxstj.supabase.co/storage/v1/object/public/images/Dream_On.jpg?,7499fae0-4549-4722-b477-f7596f9889ce,pop,,,false,,80.74951172,"[0.47798413038253784,0.2830519676208496,0.26724928617477417,0.30964022874832153,0.36798736453056335,0.5493624210357666,0.31918302178382874,0.39355942606925964,0.37708720564842224,0.2524842619895935,0.2725861668586731,0.29874685406684875]",2340.078697,2289.927594,"[25.720337324084767,17.230282413995734,21.574438638869683,21.484972436481446,22.128385491153775,19.958611203969983,48.91899837798078]",0.032398351,0.113623389,0.24924469,"[-63.332427978515625,92.83432006835938,1.1558198928833008,23.796491622924805,8.901290893554688,11.908349990844727,-4.075833320617676,3.496974229812622,-7.125933647155762,6.094632148742676,1.049293875694275,1.307788372039795,-3.7530457973480225,1.0048807859420776,-3.682699203491211,0.5627301335334778,-3.2018604278564453,5.659195423126221,1.2181432247161865,0.06989917904138565]",,0,746037e8-0c1a-4da2-bf19-1a01673adb78,,2020,0.7,0.6,0.7,0.2,0.05,,,,,
91caf8bd-b45e-4dbb-945b-340459b3a571,Away from Home,Drake,,,,,2025-06-29 09:13:16.401982+00,https://upload.wikimedia.org/wikipedia/en/For_All_the_Dogs.jpg,5e5231dc-e898-4b41-8939-8a5e36e29440,,,,false,,,,,,,,,,,,0,,,,,,,,,,,,,
92e91b4b-eaca-4273-a509-21abd1c04ac2,Slipping Through My Fingers,ABBA,37be7979-1f2c-4001-9a57-b951b79778d6,14100,21,https://yaysfbsmvtyqpbfhxstj.supabase.co/storage/v1/object/public/songs/Slipping%20Through%20My%20Fingers.mp3,2025-01-16 08:34:10.468363+00,https://yaysfbsmvtyqpbfhxstj.supabase.co/storage/v1/object/public/images/Slipping%20Through%20My%20Fingers.jpg,b3e9fce1-8ac2-4045-ac45-d51f6686ad76,"europop,swedish pop",,,false,,135.9991776,"[0.40204310417175293,0.23842135071754456,0.2716846466064453,0.18747703731060028,0.38820329308509827,0.47797852754592896,0.2600288689136505,0.35313910245895386,0.2619412839412689,0.4387425184249878,0.2828340530395508,0.2356923371553421]",1976.648184,2123.169588,"[21.98887199131229,17.200909494225908,21.086829395746378,21.678800382129797,20.86665426365325,21.07395711267373,46.019400264247935]",0.01192838,0.097405255,0.133827612,"[-122.04066467285156,114.54540252685547,-17.597118377685547,12.479643821716309,-5.64992618560791,-4.458219528198242,2.0348384380340576,-3.5375306606292725,0.26042190194129944,0.9700446128845215,-8.967328071594238,-2.698310136795044,-9.73202896118164,-0.11055888235569,-3.9957032203674316,1.4223697185516357,-0.4569597840309143,1.2180182933807373,-0.6065620183944702,2.7624740600585938]",,0,42a848b5-fae8-4038-849f-b38b72aa545c,,1980,0.7,0.75,0.8,0.15,0.01,,,,,
94c0731d-7763-4ed7-a67c-39e67f8c8b86,Rich Baby Daddy (feat. Sexyy Red & SZA),Drake,,,,,2025-06-29 09:13:16.401982+00,https://upload.wikimedia.org/wikipedia/en/For_All_the_Dogs.jpg,5d8ce354-210f-458f-baec-8dfbb77e7d53,,,,false,,,,,,,,,,,,0,,,,,,,,,,,,,
978be46d-a00e-4550-b159-cf9ff550c433,Escobar Paisa,Kuhad/Escape Sequence,27cdf5a8-8981-4df6-b6b8-88e13ad806ba,,,https://yaysfbsmvtyqpbfhxstj.supabase.co/storage/v1/object/public/songs/Escobar_Paisa.mp3?,2025-03-19 17:31:49.96255+00,https://yaysfbsmvtyqpbfhxstj.supabase.co/storage/v1/object/public/images/Escobar_Paisa.jpg?,c9501791-45e8-403f-b136-33eb2531e0cf,pop,,,false,,89.10290948,"[0.5421565175056458,0.6537073850631714,0.5556696057319641,0.5253590941429138,0.45101994276046753,0.40580201148986816,0.3462347388267517,0.34568944573402405,0.47382044792175293,0.48499253392219543,0.4298669695854187,0.45073917508125305]",2609.412453,2817.700251,"[24.56914414631111,13.752476829492672,16.63457645842133,17.20738694791146,18.22165384651428,17.183149314218703,46.29498533496315]",0.030198701,0.104354936,0.221056193,"[-88.14628601074219,80.45466613769531,13.140119552612305,10.292783737182617,12.120524406433105,5.954935550689697,3.5850303173065186,4.657510757446289,-3.2201104164123535,5.29351282119751,0.6276533603668213,4.5235676765441895,1.1145837306976318,7.158142566680908,2.48081374168396,1.712315559387207,-1.0966801643371582,6.4426140785217285,0.7871833443641663,2.789787530899048]",,0,746037e8-0c1a-4da2-bf19-1a01673adb78,,2020,0.7,0.6,0.7,0.2,0.05,,,,,
9a29b4f1-2789-49a3-91a3-9123be0f019a,Business,Eminem,27cdf5a8-8981-4df6-b6b8-88e13ad806ba,,,https://yaysfbsmvtyqpbfhxstj.supabase.co/storage/v1/object/public/songs/Business.mp3?,2025-03-19 17:31:49.96255+00,https://yaysfbsmvtyqpbfhxstj.supabase.co/storage/v1/object/public/images/Business.jpg?,1fe1a09a-e982-4a94-b221-8bfe8d27d098,hip-hop,,,false,,95.703125,"[0.5389450788497925,0.555693507194519,0.5144253969192505,0.42181694507598877,0.39177367091178894,0.41250136494636536,0.5231778621673584,0.4454134702682495,0.45619451999664307,0.458121120929718,0.5054216384887695,0.5894782543182373]",2220.257008,2303.464937,"[19.680092347024424,13.961316231552615,17.45618986184916,17.335255046347854,17.904421306301238,19.05738200639503,47.94122540918174]",0.022705497,0.107797396,0.253688216,"[-64.73204803466797,98.07508087158203,-12.454593658447266,20.993741989135742,9.875718116760254,2.2312824726104736,2.240389347076416,12.608975410461426,-5.460898399353027,7.485239028930664,-1.85423743724823,2.4030520915985107,1.5826966762542725,1.5056133270263672,-2.4438884258270264,4.546144962310791,-5.711422443389893,2.189149856567383,-2.0357847213745117,-1.7108317613601685]",,0,746037e8-0c1a-4da2-bf19-1a01673adb78,,2010,0.85,0.5,0.7,0.05,0.02,,,,,
9a40f00d-45c7-47f8-aa8f-3affb71b114b,Flowers,Miley Cyrus,27cdf5a8-8981-4df6-b6b8-88e13ad806ba,,,https://yaysfbsmvtyqpbfhxstj.supabase.co/storage/v1/object/public/songs/Flowers.mp3?,2025-03-19 17:31:49.96255+00,https://yaysfbsmvtyqpbfhxstj.supabase.co/storage/v1/object/public/images/Flowers.jpg?,792de78f-809e-4a44-a93d-620cdaba6840,pop,,,false,,117.4538352,"[0.4251047372817993,0.3615293502807617,0.43701598048210144,0.3760177195072174,0.4319048225879669,0.3313630521297455,0.28375035524368286,0.3577466309070587,0.3594638407230377,0.43977198004722595,0.3452095687389374,0.44312989711761475]",2015.25778,2341.080949,"[24.46850965404352,16.43856322258603,19.230334069668768,18.894031291195766,19.54995298388956,18.397279442182587,48.50561022126076]",0.020723233,0.077057659,0.295114279,"[-68.56770324707031,98.59230041503906,5.288127899169922,25.152624130249023,6.226625442504883,12.10877799987793,2.7345516681671143,6.240448951721191,1.7737025022506714,8.353116989135742,-4.797441005706787,5.140398025512695,-4.033419609069824,2.1697757244110107,-5.651277542114258,0.9918920397758484,-6.0310163497924805,-2.8891220092773438,-7.220487117767334,0.6769806146621704]",,0,746037e8-0c1a-4da2-bf19-1a01673adb78,,2020,0.7,0.6,0.7,0.2,0.05,,,,,
9ab15ac6-9a72-4dea-a4ce-114d0dabb209,Bad Blood (Taylor's Version),Taylor Swift,,,,,2025-06-29 09:13:16.401982+00,https://upload.wikimedia.org/wikipedia/en/1989_%28Taylor%27s_Version%29.png,349f131f-e400-4540-970d-8921332a3c52,,,,false,,,,,,,,,,,,0,02e7ac34-8382-4f1c-82e6-0c902f2046a9,,,,,,,,,,,,
9bc06985-81a8-48f2-8a73-aa6dd725cae8,Beyond (End Credit Version),Auli'i Cravalho/Disney/Te Vaka,6fc7a1e8-41f9-4e37-8ea5-6e0b2d8d4a74,11880,7,https://yaysfbsmvtyqpbfhxstj.supabase.co/storage/v1/object/public/songs/Beyond%20(End%20Credit%20Version).mp3,2024-12-19 18:06:15.278825+00,,22a6de72-48aa-4604-9430-3f17c6d03093,soundtrack,,,false,,161.4990234,"[0.34232276678085327,0.3299015760421753,0.42850199341773987,0.3244026005268097,0.3659668266773224,0.3819810748100281,0.3741932809352875,0.4347880780696869,0.4057953655719757,0.5828416347503662,0.43414923548698425,0.32919734716415405]",2117.652881,2363.001204,"[20.493584512781453,14.148446290677228,18.11982671643914,19.128524547809413,19.27745180237808,18.3123841793692,49.22352567163333]",0.035124209,0.083903987,0.218756735,"[-93.20882415771484,88.37864685058594,-3.5258700847625732,24.139429092407227,6.037295818328857,11.609363555908203,7.472966194152832,11.834927558898926,4.437796592712402,15.205116271972656,1.4885128736495972,6.283915042877197,0.2251768708229065,6.772806167602539,1.705471396446228,4.147882461547852,3.972283363342285,6.48075008392334,0.8870629072189331,2.0981333255767822]",,0,,,2022,0.65,0.75,0.7,0.25,0.01,,,,,
9c85e2a0-0ca6-49e3-bb0d-0b193166101d,Pal Pal,"Afusic, Tailwiinder",,,,,2025-06-07 11:00:03.032101+00,,2462d0a3-f405-4e8b-ab4f-12f518d99f6f,,,,false,,,,,,,,,,,4b456bae-ec9f-4535-88ff-853a3ece0bba,0,0c45d745-e68e-4904-8a1c-48a4b55a5cea,,,,,,,,,songs/Pal Pal.mp3,,,
9d450384-b9cc-4fc5-886f-fbeff6c6ec89,All You Had to Do Was Stay (Taylor's Version),Taylor Swift,d5ae8b55-828e-4f4d-beec-d4db56eb19fd,,,,2025-06-29 09:13:16.401982+00,https://upload.wikimedia.org/wikipedia/en/1989_%28Taylor%27s_Version%29.png,5acf7302-66f4-41ee-9dcb-71ff47e7673b,,,,false,,,,,,,,,,,,0,02e7ac34-8382-4f1c-82e6-0c902f2046a9,,,,,,,,,,,,
9f062c6e-4bd1-421f-9a72-574c605069fe,Is It Over Now? (Taylor's Version),Taylor Swift,,,,,2025-06-29 09:13:16.401982+00,https://upload.wikimedia.org/wikipedia/en/1989_%28Taylor%27s_Version%29.png,464e9303-7407-4cdf-a261-ac228ef94fab,,,,false,,,,,,,,,,,,0,02e7ac34-8382-4f1c-82e6-0c902f2046a9,,,,,,,,,,,,
9fa34116-2c9a-4403-97b2-3e991cd1c9d9,Members Only (feat. PartyNextDoor),Drake,,,,,2025-06-29 09:13:16.401982+00,https://upload.wikimedia.org/wikipedia/en/For_All_the_Dogs.jpg,a0325c6c-9a0f-4d5c-be3d-bc849bda74e6,,,,false,,,,,,,,,,,,0,,,,,,,,,,,,,
9fa58adb-35da-4ff2-b5ea-a3a695271e85,2 Much,The Weekend,d5ae8b55-828e-4f4d-beec-d4db56eb19fd,13500,3,https://yaysfbsmvtyqpbfhxstj.supabase.co/storage/v1/object/public/songs/2%20Much.mp3,2024-12-01 18:33:43.637226+00,,3e68157e-0081-4aed-8c6c-ac44c0fb20d6,r&b,,,false,,123.046875,"[0.2702464759349823,0.5008739829063416,0.3956300914287567,0.35984793305397034,0.4666884243488312,0.32683467864990234,0.31888407468795776,0.2231026291847229,0.4163532853126526,0.633467972278595,0.3521500825881958,0.314550518989563]",1414.131932,2127.096094,"[23.37890622498099,18.19151733996057,22.196497335797226,21.442698544308342,21.635045603035575,18.113875186686034,47.597083286947324]",0.003585886,0.043499676,0.253814489,"[-135.39512634277344,144.74012756347656,51.934425354003906,14.936514854431152,12.739094734191895,17.087081909179688,0.3527860641479492,7.660070419311523,-3.5696704387664795,7.491709232330322,4.094632625579834,1.5201518535614014,-3.3436050415039062,6.805520534515381,4.9898529052734375,3.685720443725586,-3.020042896270752,4.276223182678223,-5.721860408782959,-0.2428981512784958]",,0,,,2020,0.65,0.45,0.7,0.15,0.05,,,,,
9fe91ebb-2d16-4719-b45a-ed6840f76a58,Wonderland (Taylor's Version),Taylor Swift,,,,,2025-06-29 09:13:16.401982+00,https://upload.wikimedia.org/wikipedia/en/1989_%28Taylor%27s_Version%29.png,1444f843-570b-45da-911b-0cad5705d3b9,,,,false,,,,,,,,,,,,0,02e7ac34-8382-4f1c-82e6-0c902f2046a9,,,,,,,,,,,,
a00e4f91-fcf2-4924-a2fd-d020fbc3a0a1,Love Me Do (2023 Mix),The Beatles,,,,,2025-06-29 09:13:16.401982+00,https://upload.wikimedia.org/wikipedia/en/Now_and_Then_%28single%29.jpg,0012500f-083a-4c84-9cd0-faa2192e40fa,,,,false,,,,,,,,,,,,0,,,,,,,,,,,,,
a22d01ca-3c1c-47d1-a9e2-70036a55c049,Chidiya,Vilen,,253,,https://yaysfbsmvtyqpbfhxstj.supabase.co/storage/v1/object/public/songs//Chidiya-Vilen.mp3,2025-03-16 14:00:32.798327+00,https://yaysfbsmvtyqpbfhxstj.supabase.co/storage/v1/object/public/images//Chidiya-Vilen.png,23ca69bc-41e8-4f71-8c5a-27bde7b9a036,pop,,"[00:10.69] कैसी वो मुराद थी जो आज जल गई?
[00:16.13] परियों के ज़हन में जो आग बन गई
[00:21.25] देखी ना थी सपनों-खयालों में कभी
[00:26.84] ऐसी ज़िंदगी से मुलाक़ात बन गई
[00:31.28] तेरी आँखों की लहक को ना जाने
[00:35.53] ना जाने कैसी रात मिल गई
[00:38.50] 
[00:40.82] ना जाने कैसी रात मिल गई
[00:46.24] ना जाने कैसी रात मिल गई
[00:52.60] आँखें झुकती चुभन में, अश्क़ों में मगन ये
[00:58.68] कैसी तेरी साँसें चढ़ गई
[01:02.77] हो, सखियाँ देखे अंजूमन में, सोचे सब मन में
[01:09.33] कैसी-कैसी बातें बन गई
[01:13.63] हो, तेरी बातों की चहक को ना जाने
[01:18.22] ना जाने कैसी रात मिल गई
[01:23.81] ना जाने कैसी रात मिल गई
[01:28.89] ना जाने कैसी रात मिल गई
[01:35.14] 
[01:57.41] ओ री चिड़िया ना तुझे री क्यों ये दुनिया भाये रे?
[02:06.38] 
[02:08.44] ओ रे पँछी क्यूँ हमेशा बैठी मुँह लटकाए रे?
[02:17.98] तेरी आँख ये जो नम है, इनमें जो ग़म है
[02:24.05] छोड़ के सुबह पे कर यकीं
[02:28.13] हो, ये जो झूमता सावन है, मीठी जो पवन है
[02:34.63] तेरी ही मुस्कां से है बनी
[02:39.18] हो, तेरी बातों की चहक को ना जाने
[02:43.79] ना जाने कैसी रात मिल गई
[02:49.00] ना जाने कैसी रात मिल गई
[02:54.33] ना जाने कैसी रात मिल गई
[03:01.36] सोची थी जो रात वो आज मिल गई
[03:06.56] धुएँ के बरस में बरसात मिल गई
[03:12.09] देखी थी जो सपनों, खयालों में कहीं
[03:17.42] खुशियों की किरण वो आज मिल गई
[03:22.18] ये ज़माना बेशरम है, ना इसका धरम है
[03:27.68] क्यूँ ढूँढे है तू इसमें बंदगी?
[03:32.26] ओ, तेरे साथ तेरा मन है, दिल की धड़कन है
[03:38.63] आगे बढ़ के जी ले ज़िंदगी
[03:41.18] ",false,,89.10290948,"[0.26683029532432556,0.30364906787872314,0.1728486716747284,0.20091138780117035,0.19203679263591766,0.33612531423568726,0.4423055946826935,0.3090784549713135,0.4323466718196869,0.2758810222148895,0.33294203877449036,0.3118416965007782]",1875.691057,2336.136667,"[25.062690480263747,18.456519357671315,22.316049089836042,21.021058294481346,21.076175582082183,19.16873300892645,48.16203185532614]",0.010522638,0.064934024,0.198096976,"[-144.75563049316406,104.14170837402344,15.055548667907715,6.867160797119141,5.057771682739258,3.395005464553833,-9.541672706604004,-3.718325138092041,-13.607453346252441,-1.978690505027771,-11.108222007751465,-6.178083419799805,-8.436189651489258,-1.3502962589263916,-8.284502983093262,-3.457184076309204,-7.145208358764648,-1.3247959613800049,-3.335988998413086,-3.689208745956421]",,0,,,2020,0.7,0.6,0.7,0.2,0.05,,,,,
a386f38e-8129-44a5-9053-73090f0a1d55,"Hey Mama (feat. Nicki Minaj, Bebe Rexha & Afrojack)",David Guetta/AFROJACK/Bebe Rexha/Nicki Minaj,27cdf5a8-8981-4df6-b6b8-88e13ad806ba,,,https://yaysfbsmvtyqpbfhxstj.supabase.co/storage/v1/object/public/songs/Hey_Mama__feat._Nicki_Minaj__Bebe_Rexha___Afrojack_.mp3?,2025-03-19 17:31:49.96255+00,https://yaysfbsmvtyqpbfhxstj.supabase.co/storage/v1/object/public/images/Hey_Mama__feat._Nicki_Minaj__Bebe_Rexha___Afrojack_.jpg?,f92c3b78-4334-4d68-9861-9326987961f7,pop,,,false,,172.265625,"[0.29184237122535706,0.24566587805747986,0.3318746089935303,0.3900216221809387,0.5715072154998779,0.3786599636077881,0.34262973070144653,0.3101557195186615,0.30428171157836914,0.32185444235801697,0.3145941197872162,0.4951581060886383]",2974.913745,2679.47703,"[24.0059483734015,17.344014698052373,19.71966860223279,19.415434966333788,19.27978840036212,19.31698793112364,46.60148355632486]",0.04181771,0.145185334,0.261198342,"[-27.29155731201172,54.15470504760742,-17.74993324279785,14.059947967529297,-1.6243846416473389,2.6560373306274414,4.6149516105651855,2.4277637004852295,4.736230850219727,4.443950653076172,-2.6133716106414795,4.1470417976379395,-1.8874239921569824,5.2129669189453125,0.926649272441864,3.414515733718872,-2.8225786685943604,-0.9152068495750427,-2.3082919120788574,7.041492938995361]",,0,746037e8-0c1a-4da2-bf19-1a01673adb78,,2020,0.7,0.6,0.7,0.2,0.05,,,,,
a3ac73b3-f350-4d6f-a85b-fc5fa336b4c7,BBL Love (Interlude),Drake,,,,,2025-06-29 09:13:16.401982+00,https://upload.wikimedia.org/wikipedia/en/For_All_the_Dogs.jpg,8aa1483d-5bf9-43b6-b315-464a1055882a,,,,false,,,,,,,,,,,,0,,,,,,,,,,,,,
a469d8d4-d1f8-41d5-b8de-93538a7b0c59,Lemon Tree,Fools Garden,37be7979-1f2c-4001-9a57-b951b79778d6,11460,7,https://yaysfbsmvtyqpbfhxstj.supabase.co/storage/v1/object/public/songs/Lemon%20Tree.mp3,2025-01-16 08:34:10.468363+00,https://yaysfbsmvtyqpbfhxstj.supabase.co/storage/v1/object/public/images/Lemon%20Tree.jpg,dfc10356-8b3b-438f-97cb-345f9b05a735,german pop rock,,,false,,143.5546875,"[0.4344581067562103,0.27650997042655945,0.2556021809577942,0.36571627855300903,0.28788506984710693,0.3695898950099945,0.25508618354797363,0.3776600658893585,0.34262150526046753,0.26149439811706543,0.34637075662612915,0.3328153192996979]",1824.721715,2170.574754,"[22.108821108134624,16.044638823983124,19.87833094029322,20.28006655790865,20.852949629599795,19.602994569076028,47.45420993333517]",0.020035824,0.076811839,0.174275115,"[-119.10979461669922,114.86975860595703,8.09537124633789,13.62012767791748,1.555909276008606,2.5258471965789795,-4.841772079467773,-3.1657915115356445,-5.1984782218933105,1.858269453048706,-1.596089482307434,0.12898042798042297,-9.928984642028809,-0.3094746172428131,-4.786539554595947,-1.8820840120315552,-4.229172229766846,0.9901239275932312,-4.78813362121582,-1.1551108360290527]",,0,42a848b5-fae8-4038-849f-b38b72aa545c,,2020,0.7,0.6,0.7,0.2,0.05,,,,,
a5f253a1-0994-4e0c-8e0c-7e587aa00ad6,Aashiyan,gini,,,,https://yaysfbsmvtyqpbfhxstj.supabase.co/storage/v1/object/public/songs/Aashiyan - gini.mp3?,2025-03-18 10:53:31.171825+00,https://yaysfbsmvtyqpbfhxstj.supabase.co/storage/v1/object/public/images/Aashiyan - gini.jpg?,c8dec66e-fcc6-4faa-bc53-99a458a8a0fb,pop,,,false,,135.9991776,"[0.26267731189727783,0.33342376351356506,0.20802181959152222,0.20791597664356232,0.18599477410316467,0.336860716342926,0.459107905626297,0.31140556931495667,0.4341496527194977,0.3631514310836792,0.5127816200256348,0.32391947507858276]",1957.526973,2466.877317,"[27.83197330800584,16.675288702589114,20.96030386976341,20.254509826794507,19.726205709207964,18.684928894923132,45.83188456999201]",0.010137578,0.064623672,0.201105148,"[-122.10198211669922,100.73722076416016,7.96776819229126,15.715757369995117,7.644282817840576,4.943870544433594,7.70697021484375,-2.112983465194702,5.317359924316406,1.779295563697815,-4.953333377838135,-2.8595597743988037,-6.070859909057617,0.6766194701194763,-5.293984889984131,3.919922351837158,-0.21046505868434906,3.2245664596557617,1.6927947998046875,4.040253639221191]",,0,,,2020,0.7,0.6,0.7,0.2,0.05,,,,,
a5fe0fbb-a0b2-41a0-8da3-3cf55a213e7e,Dreamy Skies,The Rolling Stones,,,,,2025-06-29 09:13:16.401982+00,https://upload.wikimedia.org/wikipedia/en/Hackney_Diamonds.jpg,2aeb55af-b50b-42fa-bd41-685d42cd35fa,,,,false,,,,,,,,,,,,0,,,,,,,,,,,,,
a64069af-19a6-42d7-8a64-c7efec464db5,Tuputupu (The Feast),Te Vaka/Disney,6fc7a1e8-41f9-4e37-8ea5-6e0b2d8d4a74,2340,15,https://yaysfbsmvtyqpbfhxstj.supabase.co/storage/v1/object/public/songs/Tuputupu%20(The%20Feast).mp3,2024-12-19 18:06:15.278825+00,,772acdcb-18c2-4720-a233-1d7c97d103fd,soundtrack,,,false,,123.046875,"[0.3045203387737274,0.3891685903072357,0.37516018748283386,0.45968860387802124,0.5344494581222534,0.5419546365737915,0.42670997977256775,0.34590232372283936,0.33475732803344727,0.3594456911087036,0.3326377868652344,0.29428794980049133]",2089.160765,2183.028591,"[20.066050299763656,14.612310207603525,15.590817195706565,16.424241834859682,16.249955255459646,15.96595316347719,44.48294353553686]",0.128666639,0.078022984,0.117084652,"[-207.49021911621094,66.7940673828125,-12.385493278503418,18.755897521972656,2.7555949687957764,10.265582084655762,2.147101640701294,7.140149116516113,2.3482038974761963,4.826501369476318,0.5164389610290527,6.902523994445801,1.5274631977081299,2.9457247257232666,-1.4240952730178833,1.9993751049041748,-0.4007883667945862,5.746179103851318,4.242279529571533,6.681950569152832]",,0,,,2022,0.65,0.75,0.7,0.25,0.01,,,,,
a77e754b-5516-4d4d-b499-3e6529e18a25,Amen (feat. Teezo Touchdown),Drake,,,,,2025-06-29 09:13:16.401982+00,https://upload.wikimedia.org/wikipedia/en/For_All_the_Dogs.jpg,44eb066b-846d-4aa3-a444-05fd4e6af95f,,,,false,,,,,,,,,,,,0,,,,,,,,,,,,,
a8ef536b-0525-4377-ad3d-8fe82ca4c235,Don’t Wanna Cry,"Selena Gomez, benny blanco",,,,https://resonance-bucket-1.s3.us-east-005.backblazeb2.com/songs/Don%E2%80%99t+Wanna+Cry.mp3,2025-05-01 03:00:28.745982+00,https://resonance-bucket-1.s3.us-east-005.backblazeb2.com/images/Don%E2%80%99t+Wanna+Cry.jpg,73d43470-008d-44a7-b3be-4b04792f73fc,,,,false,,,,,,,,,,,,0,9fc41d15-f0aa-42ad-9c64-39495adee508,,,,,,,,,,,,
a94bbbbc-ef44-481c-aeb4-695bb9323d42,Screw the World (Interlude),Drake,,,,,2025-06-29 09:13:16.401982+00,https://upload.wikimedia.org/wikipedia/en/For_All_the_Dogs.jpg,84c5fe50-6e87-48fa-adfa-723f5f94d5d5,,,,false,,,,,,,,,,,,0,,,,,,,,,,,,,
a9b1e7ce-8c83-4bc2-81f1-025c200d73d5,You Are in Love (Taylor's Version),Taylor Swift,,,,,2025-06-29 09:13:16.401982+00,https://upload.wikimedia.org/wikipedia/en/1989_%28Taylor%27s_Version%29.png,b2d4cdc0-7a1e-4e28-938a-c6fa81bd90f2,,,,false,,,,,,,,,,,,0,02e7ac34-8382-4f1c-82e6-0c902f2046a9,,,,,,,,,,,,
aa3806d1-a436-48cc-a37a-cb1057c5cecf,DARKSIDE,Neoni,27cdf5a8-8981-4df6-b6b8-88e13ad806ba,,,https://yaysfbsmvtyqpbfhxstj.supabase.co/storage/v1/object/public/songs/DARKSIDE.mp3?,2025-03-19 17:31:49.96255+00,https://yaysfbsmvtyqpbfhxstj.supabase.co/storage/v1/object/public/images/DARKSIDE.jpg?,90394034-c63e-48fd-8d05-24f42b07c702,pop,,,false,,107.6660156,"[0.2584979236125946,0.33060383796691895,0.5403162240982056,0.36996176838874817,0.4082695543766022,0.43606194853782654,0.32726484537124634,0.37264662981033325,0.34314075112342834,0.477543443441391,0.35811567306518555,0.25757157802581787]",2234.69958,2523.295189,"[21.57504977769457,16.326578678682452,18.78299250608518,18.138536346281807,18.49753407047562,18.317631884755826,46.908166755468336]",0.019110383,0.086958396,0.25212425,"[-63.564884185791016,96.46499633789062,-5.055508613586426,8.293068885803223,2.4400830268859863,0.3898489773273468,2.4993066787719727,-4.132004261016846,-1.6775827407836914,1.6330924034118652,-4.704748153686523,4.845808029174805,-4.548946380615234,2.9930830001831055,-3.1946792602539062,3.3408586978912354,-1.3398016691207886,5.846750736236572,0.3156946003437042,2.742487907409668]",,0,746037e8-0c1a-4da2-bf19-1a01673adb78,,2020,0.7,0.6,0.7,0.2,0.05,,,,,
aa7c72c6-9ed4-41d9-892d-15d49770239e,First Person Shooter (feat. J. Cole),Drake & J. Cole,,,,,2025-06-29 09:13:16.401982+00,https://upload.wikimedia.org/wikipedia/en/First_Person_Shooter.jpg,4feb1ee8-1242-4e7b-bfde-50b27b70c4f6,,,,false,,,,,,,,,,,,0,,,,,,,,,,,,,
aa920bf3-f37c-41a4-8ebe-f5e08f20a2d8,Ojos Tristes (with The Marías),"Selena Gomez, benny blanco, The Marías",,,,https://resonance-bucket-1.s3.us-east-005.backblazeb2.com/songs/Ojos+Tristes+(with+The+Mar%C3%ADas).mp3,2025-05-01 03:00:28.745982+00,https://resonance-bucket-1.s3.us-east-005.backblazeb2.com/images/Ojos+Tristes+(with+The+Mar%C3%ADas).jpg,e9f87700-f96f-45c2-9b65-22ca6d7b539b,,,,false,,,,,,,,,,,,0,9fc41d15-f0aa-42ad-9c64-39495adee508,,,,,,,,,,,,
ab2bf9b8-8bd3-440b-985b-faed918716b2,Sri Radha Kripa Kataksh,Vayuu,0e05fb8a-7a45-4c7f-9316-5a52975f4a93,51420,2,https://yaysfbsmvtyqpbfhxstj.supabase.co/storage/v1/object/public/songs/radhakrishn/Sri%20Radha%20Kripa%20Kataksh.mp3?t=2025-01-11T09%3A16%3A08.441Z,2025-01-11 09:50:07.79669+00,https://yaysfbsmvtyqpbfhxstj.supabase.co/storage/v1/object/public/songs/radhakrishn/images/Sri%20Radha%20Kripa%20Kataksh.jpg,718210a0-04ce-4340-9a65-e7192729391f,krishna,,,false,,99.38401442,"[0.4069042205810547,0.28940606117248535,0.3902898132801056,0.2942946255207062,0.44502973556518555,0.26809191703796387,0.20365415513515472,0.27742764353752136,0.3195856213569641,0.48498913645744324,0.26897186040878296,0.2964605689048767]",2096.884597,2403.533122,"[23.868101620701644,15.327639039388986,19.699757267872748,18.559292733113995,18.535211089427882,18.802735947102565,48.1638443477468]",0.015801951,0.086002485,0.172437966,"[-78.98275756835938,101.56377410888672,-3.7149627208709717,22.7227840423584,8.810904502868652,4.277728080749512,-2.430392026901245,-0.5183741450309753,-6.039395332336426,5.465336799621582,-6.616125583648682,2.783895492553711,-1.3919463157653809,0.3066863715648651,-1.5952619314193726,0.7970758080482483,-4.713215351104736,0.9082971811294556,-3.0944807529449463,-3.793902635574341]",,0,77634ddb-017e-4ea4-9c95-ee3127345dae,,2020,0.7,0.6,0.7,0.2,0.05,,,,,
abea7fb8-15a6-4be9-b944-8b2b7ba05ee1,Mess It Up,The Rolling Stones,,,,,2025-06-29 09:13:16.401982+00,https://upload.wikimedia.org/wikipedia/en/Hackney_Diamonds.jpg,f043c59f-e987-4ac8-9a5c-8f18814838ed,,,,false,,,,,,,,,,,,0,,,,,,,,,,,,,
af04771d-03e6-4eb0-a1db-41c203a92b0d,Polar Opposites,Drake,,,,,2025-06-29 09:13:16.401982+00,https://upload.wikimedia.org/wikipedia/en/For_All_the_Dogs.jpg,ea73fbb2-3285-4a4f-8525-af7e3d7ff677,,,,false,,,,,,,,,,,,0,,,,,,,,,,,,,
af384ed8-a1aa-4fe7-a007-6bb3b8c1eaa0,Sao Paulo,"The Weeknd, Anita",37be7979-1f2c-4001-9a57-b951b79778d6,302,,https://yaysfbsmvtyqpbfhxstj.supabase.co/storage/v1/object/public/songs//sao_paulo_the_weeknd.mp3,2025-02-22 19:44:16.383054+00,https://yaysfbsmvtyqpbfhxstj.supabase.co/storage/v1/object/public/images//sao_paulo_the_weeknd.jpeg,77ea16c0-e00e-4ccd-897d-a8f726c6ab02,r&b,,"[00:00.09] Bota na boca, bota na cara, bota onde quiser
[00:07.69] Bota na boca, bota na cara, bota onde quiser
[00:11.12] O novinho me olhou e quis comer minha pepequinha
[00:14.72] Hoje eu vou dar pro novinho, fode, fode a larissinha
[00:18.79] O novinho me olhou e quis comer minha pepequinha
[00:22.59] Hoje eu vou dar pro novinho, fode, fode a larissinha
[00:26.31] Everytime I try to run, you put your curse all over me
[00:30.01] I surrender at your feet, baby, put it all on me
[00:33.97] Everytime I try to pray a way, you got me on my knees
[00:37.64] I surrender at your feet, baby, put it all on me
[00:43.06] I love it when you turn me on
[00:46.83] I love it when you turn it on
[00:50.66] Turn it up for me, girl
[00:54.55] So come back in and turn it on
[00:57.38] Bota na boca, bota na cara, bota onde quiser
[01:01.07] (Turn me on)
[01:04.76] O novinho me olhou e quis comer minha pepequinha (turn me on)
[01:08.58] Hoje eu vou dar pro novinho, fode, fode a larissinha (turn me on)
[01:12.46] O novinho me olhou e quis comer minha pepequinha (turn me on)
[01:16.32] Hoje eu vou dar pro novinho, fode, fode a larissinha (turn me on)
[01:28.11] Bota na boca, bota na cara
[01:30.15] Bota na boca, bota na cara
[01:32.15] Bota na boca, bota na cara
[01:33.98] Bota na boca bota na cara
[01:35.86] Bota na boca, bota na cara, bota onde quiser
[01:43.10] 
[01:57.59] Baby, ride me to the darkness of the night
[02:05.02] Kill me softly like you want me euthanized
[02:11.59] Oh yeah
[02:13.04] Hot like rising sun, burning everything she touch
[02:16.19] She don't even want your money
[02:18.06] Came right here with someone else
[02:19.94] She's addicted to the rush
[02:21.88] I could never get enough
[02:23.67] She's desensitized to money
[02:25.56] Make her pay with something else
[02:27.47] Baby, you turn me on
[02:31.17] Baby, you turn me on
[02:34.86] Baby, you turn me on
[02:38.06] Girl, you turn me on
[02:41.72] Hit it from the back
[02:43.20] She louder than two sold out nights
[02:49.13] I think she fell in love
[02:50.56] She said she trusts me with her life, aaaah
[02:57.75] Hot like rising sun, burning everything she touch
[03:00.99] She don't even want your money
[03:02.74] Came right here with someone else
[03:04.63] She's addicted to the rush
[03:06.45] I could never get enough
[03:08.41] She's desensitized to money
[03:10.18] Need to pay with somethin' else
[03:12.27] Baby, you turn me on
[03:13.32] (I love it when you turn me on)
[03:15.13] I love it when you turn me on
[03:16.92] (I love it when you turn me on)
[03:19.11] See how you turn me on
[03:20.90] (I love it when you turn me on)
[03:22.62] I love it when you turn me on
[03:24.34] (Turn me on, turn me on)
[03:27.58] Baby
[03:30.26] Oh, oh, oh, oh
[03:35.62] Oh, oh, oh, oh
[03:43.12] Oh, oh, oh, oh
[03:49.98] Oh, oh, oh, oh
[03:51.39] Oh, oh, oh, oh
[03:52.51] Oh, oh
[03:56.83] Take it easy, easy on me
[04:04.47] Take it easy, easy on me
[04:11.87] Take it easy, easy on me
[04:19.59] Oh, oh, oh, oh
[04:20.92] Oh, oh, oh, oh
[04:22.38] Oh, oh
[04:26.89] Bota na boca, bota na cara, bota onde quiser
[04:34.37] Bota na boca, bota na cara
[04:36.24] Bota na boca, bota na cara
[04:40.03] Bota na boca, bota na cara
[04:43.84] Bota na boca, bota na cara
[04:52.97] Bota na boca, bota na cara, bota onde quiser
[04:56.35] ",false,,129.1992188,"[0.6031332015991211,0.45285463333129883,0.44207441806793213,0.3937722444534302,0.3594796657562256,0.433910071849823,0.3572984039783478,0.4351120889186859,0.39957931637763977,0.3886265158653259,0.4283626675605774,0.44242197275161743]",2017.968472,2393.394027,"[21.534075543388603,15.803146003511296,18.44326371843983,17.49007815538568,18.031821343130677,19.246232736825792,49.366935012901585]",0.009434309,0.07039207,0.277035594,"[-58.5963134765625,98.50038146972656,2.480351448059082,34.17466354370117,6.110438346862793,10.01727294921875,2.724651575088501,6.774692535400391,-2.9667136669158936,8.091483116149902,4.191596031188965,4.792854309082031,-2.1775474548339844,4.897558212280273,-0.25252172350883484,3.0929694175720215,-2.0120084285736084,2.1418497562408447,-2.822195529937744,2.3980250358581543]",,0,42a848b5-fae8-4038-849f-b38b72aa545c,,2020,0.65,0.45,0.7,0.15,0.05,,,,,
b10fe7df-049a-4760-8178-5b9a8a0a4801,Younger And Hotter Than Me,"Selena Gomez, benny blanco",,,,https://resonance-bucket-1.s3.us-east-005.backblazeb2.com/songs/Younger+And+Hotter+Than+Me.mp3,2025-05-01 03:00:28.745982+00,https://resonance-bucket-1.s3.us-east-005.backblazeb2.com/images/Younger+And+Hotter+Than+Me.jpg,d736175a-34ee-4808-ab17-d57e69a55ce0,,,,false,,,,,,,,,,,,0,b968c34a-aaa3-4204-a56f-bf5c3db1e436,,,,,,,,,,,,
b146deea-cfd7-4355-b3e9-60818357045e,7969 Santa,Drake,,,,,2025-06-29 09:13:16.401982+00,https://upload.wikimedia.org/wikipedia/en/For_All_the_Dogs.jpg,a7845006-9193-42d3-8d5d-1dcaee987d9b,,,,false,,,,,,,,,,,,0,,,,,,,,,,,,,
b21be077-730c-46c9-a451-477c1bb40819,Lonely (with benny blanco),Justin Bieber with benny blanco,c2db778d-b597-4ccf-b21f-9d5a5a3544ba,15120,2,https://yaysfbsmvtyqpbfhxstj.supabase.co/storage/v1/object/public/songs/Lonely%20(with%20benny%20blanco).mp3,2024-11-29 09:18:51.625826+00,,c7e624b9-3ad6-4206-975b-7889bfeef8fd,pop,,,false,,151.9990809,"[0.19376662373542786,0.3630710542201996,0.40933525562286377,0.17745399475097656,0.1846866011619568,0.16407586634159088,0.32520776987075806,0.3495006561279297,0.2537418305873871,0.2468874454498291,0.19335076212882996,0.24942806363105774]",1285.603658,1650.891114,"[21.42310008071879,19.090623337022702,22.18674230473442,21.70484981119229,21.23061409331962,20.02741011788865,44.53000471246216]",0.06029826,0.050397046,0.266014606,"[-185.20822143554688,133.13497924804688,38.78783416748047,12.799476623535156,12.42247486114502,2.1253583431243896,1.798705816268921,2.2894248962402344,-4.900681495666504,2.104741096496582,-4.7021613121032715,1.3007203340530396,-4.9618072509765625,-2.180577516555786,-1.0849719047546387,-4.486372470855713,-5.279580116271973,0.9550783634185791,-8.773831367492676,-3.482255220413208]",,0,,,2021,0.6,0.7,0.75,0.25,0.01,,,,,
b2265bc1-fe38-4bbd-9631-dce894e717aa,I Wish You Would (Taylor's Version),Taylor Swift,,,,,2025-06-29 09:13:16.401982+00,https://upload.wikimedia.org/wikipedia/en/1989_%28Taylor%27s_Version%29.png,661292cd-d290-4854-8052-3823fb39d321,,,,false,,,,,,,,,,,,0,02e7ac34-8382-4f1c-82e6-0c902f2046a9,,,,,,,,,,,,
b22b1eda-faf2-45da-af08-f41151ab5b2c,Until I Bleed Out,The Weekend,d5ae8b55-828e-4f4d-beec-d4db56eb19fd,13500,6,https://yaysfbsmvtyqpbfhxstj.supabase.co/storage/v1/object/public/songs/Until%20I%20Bleed%20Out.mp3,2024-12-01 18:33:43.637226+00,,0b758938-0289-4be2-9c0b-abbe6b2644ad,r&b,,,false,,123.046875,"[0.5038310885429382,0.29550230503082275,0.3931494951248169,0.3481925129890442,0.21924914419651031,0.3486725986003876,0.26876264810562134,0.5380150079727173,0.3102308511734009,0.2600116729736328,0.41844335198402405,0.3192785680294037]",1904.770183,2132.520995,"[23.303805251753293,17.05274708790091,20.443247413882542,19.874553202277827,19.845095023156002,19.166241950130463,48.210121102145564]",0.013844474,0.074076193,0.168513954,"[-123.6166000366211,102.585693359375,-1.9787546396255493,7.52162504196167,-4.967051029205322,-2.298855781555176,-6.056131362915039,-7.5166521072387695,-12.546926498413086,0.08053964376449585,-5.457967758178711,-3.4509217739105225,-6.498702526092529,0.14921322464942932,-5.896899223327637,1.0373899936676025,-5.549867630004883,-0.3062749207019806,-4.198617458343506,0.3636706471443176]",,0,,,2020,0.65,0.45,0.7,0.15,0.05,,,,,
b2a1fc9d-d943-4af2-ab91-e47854007598,Mana Vavau,Dwayne Johnson/Opetaia Foa'i/Rachel House/Disney,6fc7a1e8-41f9-4e37-8ea5-6e0b2d8d4a74,5700,12,https://yaysfbsmvtyqpbfhxstj.supabase.co/storage/v1/object/public/songs/Mana%20Vavau.mp3,2024-12-19 18:06:15.278825+00,,a85637d0-ccba-48a7-b1d3-bcf88476a303,soundtrack,,,false,,184.5703125,"[0.27670660614967346,0.24922716617584229,0.3554714024066925,0.3657911419868469,0.5036855340003967,0.39747917652130127,0.3641630709171295,0.444486141204834,0.2912082076072693,0.2942630648612976,0.3060339391231537,0.35123181343078613]",1181.656398,1793.096975,"[20.381951148050156,15.274266638532044,18.80071124656621,18.383170623321977,18.28220090628867,18.746407726646016,47.65615752977194]",0.046462145,0.041426759,0.106879115,"[-234.3190460205078,122.29823303222656,22.77539825439453,20.808937072753906,4.976724147796631,10.01282787322998,4.3449249267578125,6.444085121154785,-3.4940643310546875,5.269949913024902,3.125040054321289,1.7838414907455444,0.4334120750427246,-1.3461838960647583,-2.508528232574463,1.385898232460022,-0.5702245235443115,1.678647756576538,-0.3790834844112396,-0.3575640022754669]",,0,,,2022,0.65,0.75,0.7,0.25,0.01,,,,,
b2a7c457-6c07-43dc-9099-2b97894ac316,Comfort Chain,Instupendo,37be7979-1f2c-4001-9a57-b951b79778d6,11100,10,https://yaysfbsmvtyqpbfhxstj.supabase.co/storage/v1/object/public/songs/Comfort%20Chain.mp3,2025-01-16 08:34:10.468363+00,https://yaysfbsmvtyqpbfhxstj.supabase.co/storage/v1/object/public/images/Comfort%20Chain.jpg,b81a695a-07eb-4041-9c9d-dbfc6a752c20,weirdcore,,,false,,112.3471467,"[0.20681534707546234,0.30520936846733093,0.14908380806446075,0.32489103078842163,0.40573665499687195,0.1951763778924942,0.21513235569000244,0.1630471795797348,0.4064723551273346,0.34701797366142273,0.23403266072273254,0.4804726243019104]",903.7387463,1091.720312,"[23.02946597976339,21.2083465950545,24.599901360200214,28.892416257872522,21.3218227528014,18.28216460154313,47.76591042932883]",0.016237464,0.053113285,0.093441322,"[-330.6740417480469,149.8190155029297,33.724281311035156,0.705805778503418,-18.102313995361328,-21.009231567382812,-14.886107444763184,-4.480030536651611,-5.570615768432617,-7.072157859802246,-11.305769920349121,-11.892191886901855,-4.740251541137695,-2.2620370388031006,-7.1401753425598145,-4.760183811187744,-1.0400605201721191,-7.6435394287109375,-11.534577369689941,-0.8566433191299438]",,0,42a848b5-fae8-4038-849f-b38b72aa545c,,2020,0.7,0.6,0.7,0.2,0.05,,,,,
b4031eb1-7fec-42e1-9aa8-3de153f89283,Forever Young,Alphaville,37be7979-1f2c-4001-9a57-b951b79778d6,13020,20,https://yaysfbsmvtyqpbfhxstj.supabase.co/storage/v1/object/public/songs/Forever%20Young.mp3,2025-01-16 08:34:10.468363+00,https://yaysfbsmvtyqpbfhxstj.supabase.co/storage/v1/object/public/images/Forever%20Young.jpg,225da732-47d0-424b-807b-318b7fbff0c5,"new romantic,new wave pop,synthpop",,,false,,135.9991776,"[0.40922290086746216,0.22580792009830475,0.4097535014152527,0.23419834673404694,0.42596715688705444,0.30385780334472656,0.24116934835910797,0.45378103852272034,0.2958962917327881,0.45423799753189087,0.1849299818277359,0.31031396985054016]",2134.722753,2108.308966,"[19.535317507627727,16.053939200819208,20.346184393194818,20.92302441269722,20.08737620491872,18.652962058887113,56.50505552028233]",0.017288966,0.113985914,0.111045748,"[-110.89308166503906,107.2516860961914,-20.050931930541992,28.37653923034668,-9.267266273498535,15.095462799072266,-7.5772199630737305,8.985329627990723,-13.173453330993652,4.908371925354004,-5.002808570861816,1.2759934663772583,-4.25308084487915,1.3443773984909058,-3.7664828300476074,-0.44583430886268616,-4.530740737915039,-0.5293605923652649,0.5012474656105042,-1.1536920070648193]",,0,42a848b5-fae8-4038-849f-b38b72aa545c,,2020,0.7,0.6,0.7,0.2,0.05,,,,,
b4fa92cf-3db5-46cb-aa00-536e8d3935c9,Without Me,Eminem,27cdf5a8-8981-4df6-b6b8-88e13ad806ba,,,https://yaysfbsmvtyqpbfhxstj.supabase.co/storage/v1/object/public/songs/Without_Me.mp3?,2025-03-19 17:31:49.96255+00,https://yaysfbsmvtyqpbfhxstj.supabase.co/storage/v1/object/public/images/Without_Me.jpg?,fff77f7e-30fb-4948-aec9-66e1accaf589,hip-hop,,,false,,112.3471467,"[0.3262696862220764,0.35370001196861267,0.4283793866634369,0.4106844663619995,0.3994693458080292,0.4398638606071472,0.5445917248725891,0.7035786509513855,0.5517025589942932,0.45714879035949707,0.37112823128700256,0.3276810646057129]",2570.749045,2644.119029,"[23.064930624360876,17.71997668723753,19.565671682250777,18.86218336614606,18.51091521354236,20.281204449664205,48.13603282346588]",0.022021104,0.0848322,0.280804873,"[-80.00440979003906,73.32467651367188,13.3972749710083,34.06556701660156,20.977540969848633,3.1764025688171387,10.28731918334961,11.668230056762695,-0.3378954529762268,16.63330841064453,2.390381336212158,6.782966613769531,2.713332176208496,4.592220306396484,-0.711414098739624,2.9562439918518066,-3.608243227005005,2.525789260864258,-4.287496089935303,1.155361294746399]",,0,746037e8-0c1a-4da2-bf19-1a01673adb78,,2010,0.85,0.5,0.7,0.05,0.02,,,,,
b517fde8-989d-4056-890b-cb28b987afb7,Sunset Blvd,"Selena Gomez, benny blanco",,,,https://resonance-bucket-1.s3.us-east-005.backblazeb2.com/songs/Sunset+Blvd.mp3,2025-05-01 03:00:28.745982+00,https://resonance-bucket-1.s3.us-east-005.backblazeb2.com/images/Sunset+Blvd.jpg,e7378425-8628-4011-8efb-9da798d1b114,,,,false,,,,,,,,,,,,0,9fc41d15-f0aa-42ad-9c64-39495adee508,,,,,,,,,,,,
b5e59f9d-1362-4ef3-b488-36ac36f56426,"Mere Sohneya (From ""Kabir Singh"")","Sachet Tandon, Parampara Tandon",,,,https://yaysfbsmvtyqpbfhxstj.supabase.co/storage/v1/object/public/songs//Mere%20Sohneya%20(From%20Kabir%20Singh).mp3,2025-02-02 03:55:47.283205+00,https://yaysfbsmvtyqpbfhxstj.supabase.co/storage/v1/object/public/images//mere-sohneya.jpg,f561b36c-02d2-4dc6-9c0c-159f95e4748d,pop,,"[00:05.23]à¨¬à¨¨-à¨ à¨¨ à¨•à©‡ à¨®à©à¨Ÿà¨¿à¨†à¨°à¨¾à¨‚ à¨†à¨ˆà¨†à¨‚, à¨†à¨ˆà¨†à¨‚ à¨ªà¨Ÿà©‹à¨²à¨¾ à¨¬à¨£à¨•à©‡
[00:09.97]à¨•à©°à¨¨à¨¾à¨‚ à¨¦à©‡ à¨µà¨¿à©±à¨š à¨ªà¨¿à©±à¨ªà¨² à¨ªà©±à¨¤à©€à¨†à¨‚, à¨¬à¨¾à¨‚à¨¹à©€ à¨šà©‚à©œà¨¾ à¨–à¨¨à¨•à©‡
[00:14.62]à¨¬à¨¨-à¨ à¨¨ à¨•à©‡ à¨®à©à¨Ÿà¨¿à¨†à¨°à¨¾à¨‚ à¨†à¨ˆà¨†à¨‚, à¨†à¨ˆà¨†à¨‚ à¨ªà¨Ÿà©‹à¨²à¨¾ à¨¬à¨£à¨•à©‡
[00:19.36]à¨•à©°à¨¨à¨¾à¨‚ à¨¦à©‡ à¨µà¨¿à©±à¨š à¨ªà¨¿à©±à¨ªà¨² à¨ªà©±à¨¤à©€à¨†à¨‚, à¨¬à¨¾à¨‚à¨¹à©€ à¨šà©‚à©œà¨¾ à¨–à¨¨à¨•à©‡
[00:23.65]à¨®à©‡à¨°à©‡ à¨¸à©‹à¨¹à¨£à¨¿à¨†, à¨¸à©‹à¨¹à¨£à¨¿à¨† à¨µà©‡
[00:27.28]à¨µà©‡ à¨®à¨¾à¨¹à©€, à¨®à©‡à¨°à¨¾ à¨•à¨¿à©±à¨¥à©‡ à¨¨à¨¹à©€à¨“à¨‚ à¨¦à¨¿à¨² à¨²à©±à¨—à¨£à¨¾
[00:33.17]à¨®à©‡à¨°à©‡ à¨¸à©‹à¨¹à¨£à¨¿à¨†, à¨¸à©‹à¨¹à¨£à¨¿à¨† à¨µà©‡
[00:36.66]à¨µà©‡ à¨®à¨¾à¨¹à©€, à¨®à©‡à¨°à¨¾ à¨•à¨¿à©±à¨¥à©‡ à¨¨à¨¹à©€à¨“à¨‚ à¨¦à¨¿à¨² à¨²à©±à¨—à¨£à¨¾
[00:42.47]à¨®à¨¾à¨¹à©€
[00:58.86]à¨œà¨¾à¨µà©€à¨‚ à¨›à©‹à©œà¨•à©‡ à¨¨à¨¾, à¨¤à©‡à¨°à©‡ à¨¨à¨¾à¨² à¨°à¨¹à¨¿à¨£à¨¾ à¨µà©‡
[01:03.62]à¨¤à©‚à©° à¨¶à¨¿à©°à¨—à¨¾à¨° à¨®à©‡à¨°à¨¾, à¨¤à©‚à©° à¨ à¨®à¨¾à¨¹à©€ à¨—à¨¹à¨¿à¨£à¨¾ à¨µà©‡
[01:08.21]à¨œà¨¾à¨µà©€à¨‚ à¨›à©‹à©œà¨•à©‡ à¨¨à¨¾, à¨¤à©‡à¨°à©‡ à¨¨à¨¾à¨² à¨°à¨¹à¨¿à¨£à¨¾ à¨µà©‡
[01:12.85]à¨¤à©‚à©° à¨¶à¨¿à©°à¨—à¨¾à¨° à¨®à©‡à¨°à¨¾, à¨¤à©‚à©° à¨ à¨®à¨¾à¨¹à©€ à¨—à¨¹à¨¿à¨£à¨¾ à¨µà©‡, à¨¹à¨¾à¨
[01:18.54]à¨¦à©‚à¨°à©€ à¨¹à©ˆ à¨µà©ˆà¨°à©€
[01:21.08]à¨œà¨¿à©°à¨¨à¨¾ à¨¤à©‚à©° à¨®à©‡à¨°à¨¾ à¨“à¨¨à©€ à¨®à©ˆà¨‚ à¨¤à©‡à¨°à©€
[01:27.35]à¨®à©‡à¨°à©‡ à¨¸à©‹à¨¹à¨£à¨¿à¨†, à¨¸à©‹à¨¹à¨£à¨¿à¨† à¨µà©‡
[01:30.99]à¨µà©‡ à¨®à¨¾à¨¹à©€, à¨®à©‡à¨°à¨¾ à¨•à¨¿à©±à¨¥à©‡ à¨¨à¨¹à©€à¨“à¨‚ à¨¦à¨¿à¨² à¨²à©±à¨—à¨£à¨¾
[01:36.62]à¨®à©‡à¨°à©‡ à¨¸à©‹à¨¹à¨£à¨¿à¨†, à¨¸à©‹à¨¹à¨£à¨¿à¨† à¨µà©‡
[01:40.28]à¨µà©‡ à¨®à¨¾à¨¹à©€, à¨®à©‡à¨°à¨¾ à¨•à¨¿à©±à¨¥à©‡ à¨¨à¨¹à©€à¨“à¨‚ à¨¦à¨¿à¨² à¨²à©±à¨—à¨£à¨¾ (à¨¹à¨¾à¨‚, à¨¹à¨¾à¨)
[01:48.13]à¨¤à©‡à¨°à¨¾ à¨°à¨¾à¨¸à¨¤à¨¾ à¨µà©‡, à¨¨à©°à¨—à©‡ à¨ªà©ˆà¨° à¨¤à©à¨°à¨¨à¨¾ à¨µà©‡
[01:52.98]à¨¤à©‚à©° à¨¹à©ˆ à¨¨à¨¾à¨² à¨®à©‡à¨°à©‡, à¨¤à¨¾à¨‚ à¨®à©ˆà¨‚ à¨•à¨¿à¨‰à¨‚ à¨ à¨¡à¨°à¨¨à¨¾ à¨µà©‡?
[01:57.75]à¨¤à©‡à¨°à¨¾ à¨°à¨¾à¨¸à¨¤à¨¾ à¨µà©‡, à¨¨à©°à¨—à©‡ à¨ªà©ˆà¨° à¨¤à©à¨°à¨¨à¨¾ à¨µà©‡
[02:02.33]à¨¤à©‚à©° à¨¹à©ˆ à¨¨à¨¾à¨² à¨®à©‡à¨°à©‡, à¨¤à¨¾à¨‚ à¨®à©ˆà¨‚ à¨•à¨¿à¨‰à¨‚ à¨ à¨¡à¨°à¨¨à¨¾ à¨µà©‡? à¨¹à¨¾à¨
[02:07.97]à¨¦à©‹à¨¨à©‹à¨‚ à¨¨à©‡ à¨°à©‹à¨£à¨¾, à¨¦à©‹à¨¨à©‹à¨‚ à¨¨à©‡ à¨¹à©±à¨¸à¨£à¨¾
[02:12.68]à¨¸à¨¬ à¨¨à©‚à©° à¨µà©‡ à¨¦à©±à¨¸à¨£à¨¾
[02:16.55]à¨®à©‡à¨°à©‡ à¨¸à©‹à¨¹à¨£à¨¿à¨†, à¨¸à©‹à¨¹à¨£à¨¿à¨† à¨µà©‡
[02:20.36]à¨µà©‡ à¨®à¨¾à¨¹à©€, à¨®à©‡à¨°à¨¾ à¨•à¨¿à©±à¨¥à©‡ à¨¨à¨¹à©€à¨“à¨‚ à¨¦à¨¿à¨² à¨²à©±à¨—à¨£à¨¾
[02:26.06]à¨®à©‡à¨°à©‡ à¨¸à©‹à¨¹à¨£à¨¿à¨†, à¨¸à©‹à¨¹à¨£à¨¿à¨† à¨µà©‡
[02:29.65]à¨µà©‡ à¨®à¨¾à¨¹à©€, à¨®à©‡à¨°à¨¾ à¨•à¨¿à©±à¨¥à©‡ à¨¨à¨¹à©€à¨“à¨‚ à¨¦à¨¿à¨² à¨²à©±à¨—à¨£à¨¾
[02:36.67]à¨µà©‡ à¨®à¨¾à¨¹à©€, à¨®à©‡à¨°à¨¾ à¨•à¨¿à©±à¨¥à©‡ à¨¨à¨¹à©€à¨“à¨‚ à¨¦à¨¿à¨² à¨²à©±à¨—à¨£à¨¾
[02:43.82]à¨µà©‡ à¨®à¨¾à¨¹à©€, à¨®à©‡à¨°à¨¾ à¨•à¨¿à©±à¨¥à©‡ à¨¨à¨¹à©€à¨“à¨‚ à¨¦à¨¿à¨² à¨²à©±à¨—à¨£à¨¾
[02:49.89]à¨¬à¨¨-à¨ à¨¨ à¨•à©‡ à¨®à©à¨Ÿà¨¿à¨†à¨°à¨¾à¨‚ à¨†à¨ˆà¨†à¨‚, à¨†à¨ˆà¨†à¨‚ à¨ªà¨Ÿà©‹à¨²à¨¾ à¨¬à¨£à¨•à©‡
[02:54.53]à¨•à©°à¨¨à¨¾à¨‚ à¨¦à©‡ à¨µà¨¿à©±à¨š à¨ªà¨¿à©±à¨ªà¨² à¨ªà©±à¨¤à©€à¨†à¨‚, à¨¬à¨¾à¨‚à¨¹à©€ à¨šà©‚à©œà¨¾ à¨–à¨¨à¨•à©‡
[02:59.35]à¨¬à¨¨-à¨ à¨¨ à¨•à©‡ à¨®à©à¨Ÿà¨¿à¨†à¨°à¨¾à¨‚ à¨†à¨ˆà¨†à¨‚, à¨†à¨ˆà¨†à¨‚ à¨ªà¨Ÿà©‹à¨²à¨¾ à¨¬à¨£à¨•à©‡
[03:04.04]à¨•à©°à¨¨à¨¾à¨‚ à¨¦à©‡ à¨µà¨¿à©±à¨š à¨ªà¨¿à©±à¨ªà¨² à¨ªà©±à¨¤à©€à¨†à¨‚, à¨¬à¨¾à¨‚à¨¹à©€ à¨šà©‚à©œà¨¾ à¨–à¨¨à¨•à©‡
[03:12.78]",false,,,,,,,,,,,,0,,,2020,0.7,0.6,0.7,0.2,0.05,,,,,
b6541f1f-7a49-4ec7-8c81-8093fcf27b28,Cowboy,"Selena Gomez, benny blanco",,,,,2025-05-01 03:00:28.745982+00,,21c58237-d591-45d2-8002-54b6be17f584,,,,false,,,,,,,,,,,,0,9fc41d15-f0aa-42ad-9c64-39495adee508,,,,,,,,,songs/Cowboy.mp3,,,
b68da19d-1de5-480a-a8fc-9ffff53279df,Alone Again,The Weekend,d5ae8b55-828e-4f4d-beec-d4db56eb19fd,13500,4,https://yaysfbsmvtyqpbfhxstj.supabase.co/storage/v1/object/public/songs/Alone%20Again.mp3,2024-12-01 18:33:43.637226+00,,1db80cda-19b2-4f86-be84-ccf93e82b45f,r&b,,,false,,135.9991776,"[0.22482867538928986,0.18383648991584778,0.31643953919410706,0.31320780515670776,0.5885105729103088,0.37977346777915955,0.3313014507293701,0.38240817189216614,0.24236978590488434,0.2943202257156372,0.1903214305639267,0.26388460397720337]",2159.262307,2369.385273,"[21.54491964122787,16.297067359365403,20.76071871376934,20.043396776342533,19.2207075398312,18.928406134196734,49.72666322492414]",0.012065781,0.080678382,0.181443453,"[-101.07271575927734,95.16893005371094,1.7922642230987549,23.999984741210938,-3.390690803527832,14.015830993652344,4.188814640045166,7.116158962249756,-2.6746811866760254,15.50539493560791,6.7581353187561035,4.441393852233887,-0.7788170576095581,2.8866875171661377,-1.6233242750167847,4.712806701660156,2.2713170051574707,8.154330253601074,0.9534910917282104,8.146829605102539]",,0,,,2020,0.65,0.45,0.7,0.15,0.05,,,,,
b7e3221a-e2ce-409c-824c-e7b9f1f2a865,Sakhi Ri Mero Radha Raman,Surya Raj Kamal/Aishwarya Anand,0e05fb8a-7a45-4c7f-9316-5a52975f4a93,4:24,4,https://yaysfbsmvtyqpbfhxstj.supabase.co/storage/v1/object/public/songs/radhakrishn/Sakhi%20Ri%20Mero%20Radha%20Raman.mp3,2025-01-11 09:50:07.79669+00,https://yaysfbsmvtyqpbfhxstj.supabase.co/storage/v1/object/public/songs/radhakrishn/images/Sakhi%20Ri%20Mero%20Radha%20Raman.jpg,6a5a4ae1-038e-4f15-9ad4-c98b5dec891c,krishna,,,false,,172.265625,"[0.2979286015033722,0.2338605523109436,0.3767687678337097,0.2476309835910797,0.20244799554347992,0.27623650431632996,0.1308477520942688,0.13173897564411163,0.11546283215284348,0.23894423246383667,0.3434283137321472,0.22127601504325867]",2011.231452,2447.090602,"[23.69692429010716,19.90286261859078,22.394216371114293,20.170929620015876,20.25864578789533,20.165001453647022,49.43098989799629]",0.007508812,0.066578092,0.140428051,"[-152.93435668945312,99.6995620727539,5.602895736694336,19.83250617980957,6.4166412353515625,-4.756954193115234,-5.4691314697265625,-7.847131729125977,-13.002177238464355,2.900545835494995,-10.98490047454834,-1.5409786701202393,-10.469342231750488,0.7635180354118347,-11.48575210571289,-4.189849853515625,-8.495450973510742,-3.9843337535858154,-9.27638053894043,-4.666712760925293]",,0,77634ddb-017e-4ea4-9c95-ee3127345dae,,2020,0.7,0.6,0.7,0.2,0.05,,,,,
b88d54f8-eb0e-46ba-b98e-764496527f05,Beyond,Auli'i Cravalho/Disney/Rachel House,6fc7a1e8-41f9-4e37-8ea5-6e0b2d8d4a74,11880,8,https://yaysfbsmvtyqpbfhxstj.supabase.co/storage/v1/object/public/songs/Beyond.mp3,2024-12-19 18:06:15.278825+00,,5c0cf70d-d9d1-4401-9f9c-716979634033,soundtrack,,,false,,161.4990234,"[0.34232276678085327,0.3299015760421753,0.42850199341773987,0.3244026005268097,0.3659668266773224,0.3819810748100281,0.3741932809352875,0.4347880780696869,0.4057953655719757,0.5828416347503662,0.43414923548698425,0.32919734716415405]",2117.652881,2363.001204,"[20.493584512781453,14.148446290677228,18.11982671643914,19.128524547809413,19.27745180237808,18.3123841793692,49.22352567163333]",0.035124209,0.083903987,0.218756735,"[-93.20882415771484,88.37864685058594,-3.5258700847625732,24.139429092407227,6.037295818328857,11.609363555908203,7.472966194152832,11.834927558898926,4.437796592712402,15.205116271972656,1.4885128736495972,6.283915042877197,0.2251768708229065,6.772806167602539,1.705471396446228,4.147882461547852,3.972283363342285,6.48075008392334,0.8870629072189331,2.0981333255767822]",,0,,,2022,0.65,0.75,0.7,0.25,0.01,,,,,
b8ff426b-efbd-47e0-9444-5ab319bdb650,IDGAF (feat. Yeat),Drake,,,,,2025-06-29 09:13:16.401982+00,https://upload.wikimedia.org/wikipedia/en/For_All_the_Dogs.jpg,31b2131f-56b7-422c-937c-c10ac4316f1f,,,,false,,,,,,,,,,,,0,,,,,,,,,,,,,
ba30551e-6d4d-46b1-aab6-9dff67210d94,Radha Rani Lage,Surya Raj Kamal/Aishwarya Anand,0e05fb8a-7a45-4c7f-9316-5a52975f4a93,17700,5,https://yaysfbsmvtyqpbfhxstj.supabase.co/storage/v1/object/public/songs/radhakrishn/Radha%20Rani%20Lage.mp3,2025-01-11 09:50:07.79669+00,https://yaysfbsmvtyqpbfhxstj.supabase.co/storage/v1/object/public/songs/radhakrishn/images/Radha%20Rani%20Lage.jpg,b54f945a-79d6-4cab-be16-745a3b9478cd,krishna,,,false,,161.4990234,"[0.5513133406639099,0.43512701988220215,0.4943922758102417,0.34073275327682495,0.26999199390411377,0.18648365139961243,0.1559145748615265,0.22245188057422638,0.2699691355228424,0.36186254024505615,0.33414438366889954,0.4000677466392517]",1614.441348,2397.889174,"[25.967336510996034,20.31342659018194,20.49150864415926,19.13759117706647,19.65758360753261,20.866338912861554,48.277774900853785]",0.002595876,0.03637454,0.304461926,"[-121.27659606933594,117.27872467041016,16.481998443603516,19.610328674316406,18.455167770385742,-0.7908602952957153,15.811929702758789,0.4526611864566803,4.017147541046143,10.728228569030762,-5.353728771209717,3.9337921142578125,-4.255154609680176,10.327016830444336,-3.8557286262512207,1.3063437938690186,0.6864925026893616,-2.564847946166992,-5.254906177520752,4.704665184020996]",,0,77634ddb-017e-4ea4-9c95-ee3127345dae,,2020,0.7,0.6,0.7,0.2,0.05,,,,,
ba47402e-baae-4855-b98e-b1ae435a9299,Cowboy - Demo,Imagine Dragons,bc3edb05-3f78-45f4-a0fa-288131b62571,,,https://yaysfbsmvtyqpbfhxstj.supabase.co/storage/v1/object/public/songs/Cowboy - Demo.mp3?,2025-03-18 13:55:13.037066+00,https://yaysfbsmvtyqpbfhxstj.supabase.co/storage/v1/object/public/images/Cowboy - Demo.jpg?,68ba7867-204a-4d61-94c7-eecec38f9382,alternative rock,,,false,,,,,,,,,,,,0,,,2018,0.8,0.6,0.65,0.1,0.02,,,,,
baeb025f-f06d-4b7d-b6c5-2376f99e51c0,Somebody,The Weekend,d5ae8b55-828e-4f4d-beec-d4db56eb19fd,13500,8,https://yaysfbsmvtyqpbfhxstj.supabase.co/storage/v1/object/public/songs/Somebody.mp3,2024-12-01 18:09:12.483583+00,,5511c954-3a10-4bcb-8008-7ae185874d45,r&b,,,false,,151.9990809,"[0.36724746227264404,0.4268682897090912,0.5851625800132751,0.4181322753429413,0.4677083492279053,0.3454834818840027,0.4081535041332245,0.45498502254486084,0.3320119082927704,0.4535257816314697,0.3279184103012085,0.41195952892303467]",2232.269502,2529.352692,"[21.06804188316819,14.839812135059859,18.808755368041798,18.984693429948745,18.66923228886,17.645311338677416,47.48018529690109]",0.017209291,0.079917655,0.299960226,"[-36.41145324707031,91.3312759399414,7.053374290466309,28.73731803894043,7.7801833152771,11.384023666381836,1.827370524406433,10.67074203491211,0.9676521420478821,5.016639232635498,0.08311069011688232,7.9288434982299805,-0.44006115198135376,4.141084671020508,-0.010784928686916828,5.07790470123291,0.06890924274921417,5.864989757537842,-0.24043026566505432,2.58215069770813]",,0,,,2020,0.65,0.45,0.7,0.15,0.05,,,,,
bb7440ff-902b-4302-8aa9-0276810e2cb0,Mana Vavau,"Dwayne Johnson, Rachel House, Disney",6fc7a1e8-41f9-4e37-8ea5-6e0b2d8d4a74,5700,6,https://yaysfbsmvtyqpbfhxstj.supabase.co/storage/v1/object/public/songs/Mana%20Vavau.mp3,2024-12-15 05:43:12.226512+00,,4c052c38-dc69-4045-acbd-74ca4b089d18,soundtrack,,,false,,184.5703125,"[0.27670660614967346,0.24922716617584229,0.3554714024066925,0.3657911419868469,0.5036855340003967,0.39747917652130127,0.3641630709171295,0.444486141204834,0.2912082076072693,0.2942630648612976,0.3060339391231537,0.35123181343078613]",1181.656398,1793.096975,"[20.381951148050156,15.274266638532044,18.80071124656621,18.383170623321977,18.28220090628867,18.746407726646016,47.65615752977194]",0.046462145,0.041426759,0.106879115,"[-234.3190460205078,122.29823303222656,22.77539825439453,20.808937072753906,4.976724147796631,10.01282787322998,4.3449249267578125,6.444085121154785,-3.4940643310546875,5.269949913024902,3.125040054321289,1.7838414907455444,0.4334120750427246,-1.3461838960647583,-2.508528232574463,1.385898232460022,-0.5702245235443115,1.678647756576538,-0.3790834844112396,-0.3575640022754669]",,0,,,2022,0.65,0.75,0.7,0.25,0.01,,,,,
bc15d93e-cfec-4052-bd42-f5c64014aeb7,The Ghost Intervention - Demo,Imagine Dragons,bc3edb05-3f78-45f4-a0fa-288131b62571,,,https://yaysfbsmvtyqpbfhxstj.supabase.co/storage/v1/object/public/songs/The Ghost Intervention - Demo.mp3?,2025-03-18 13:55:13.037066+00,https://yaysfbsmvtyqpbfhxstj.supabase.co/storage/v1/object/public/images/The Ghost Intervention - Demo.jpg?,e8dbfd13-4526-4152-9603-acd46a1aad87,alternative rock,,,false,,117.4538352,"[0.5179460644721985,0.4585888981819153,0.43621787428855896,0.4210931062698364,0.3998647928237915,0.40948915481567383,0.39631596207618713,0.5026119351387024,0.4411541819572449,0.37231263518333435,0.3956722617149353,0.44336459040641785]",2729.952736,2755.18253,"[17.928769342109995,14.793145803303272,16.392172662473463,16.38410548662783,16.954329629496105,16.992542673776793,45.96140383658541]",0.054774713,0.116395139,0.280406982,"[-47.30133056640625,72.91998291015625,10.49327564239502,21.146282196044922,8.144768714904785,8.479812622070312,3.808807849884033,9.367630004882812,3.822655439376831,7.028895854949951,-0.2390890121459961,4.157779216766357,0.6231741905212402,3.126753568649292,-0.8951555490493774,1.9237780570983887,-1.5309069156646729,1.8495237827301025,-0.16149942576885223,4.057413578033447]",,0,,,2018,0.8,0.6,0.65,0.1,0.02,,,,,
bc379b1e-c732-4c39-8ad5-afd420ba0030,Blinding Lights,The Weeknd,56dbced7-3584-44fc-85a8-3b08f6e1a382,12000,1,https://yaysfbsmvtyqpbfhxstj.supabase.co/storage/v1/object/public/songs/Blinding%20Lights.mp3,2024-11-30 10:18:26.161843+00,,96ad6dcd-6295-40a4-8a3e-9298bef1ecc0,r&b,,,false,,86.1328125,"[0.4833354353904724,0.38548046350479126,0.41853174567222595,0.5052216649055481,0.4680896997451782,0.6142244935035706,0.4548589289188385,0.5294455289840698,0.44192734360694885,0.38343340158462524,0.4076525866985321,0.37016746401786804]",1975.882747,2202.847234,"[18.853301935880314,13.401385758874069,16.720469269205566,16.700696263847053,16.843790695373414,17.111897485577583,49.56907211906935]",0.034650922,0.077082242,0.199428409,"[-84.08284759521484,106.20616912841797,-0.15789775550365448,29.516300201416016,2.101853609085083,14.008440017700195,3.803654193878174,9.861930847167969,0.8902837634086609,10.88290786743164,4.071788787841797,6.432210445404053,0.2921322286128998,4.49728536605835,-2.3933701515197754,1.4993457794189453,-0.6701489090919495,3.5152218341827393,0.045852772891521454,4.617279529571533]",,0,,,2020,0.65,0.45,0.7,0.15,0.05,,,,,
be8257be-d13b-4603-bbb8-892b63210d0f,Words - Original Version 1983,F.R. David,37be7979-1f2c-4001-9a57-b951b79778d6,12540,13,https://yaysfbsmvtyqpbfhxstj.supabase.co/storage/v1/object/public/songs/Words%20-%20Original%20Version%201983.mp3,2025-01-16 08:34:10.468363+00,https://yaysfbsmvtyqpbfhxstj.supabase.co/storage/v1/object/public/images/Words%20-%20Original%20Version%201983.jpg,7a9d07a7-5878-4ba6-bf5b-1dbecb5b04bb,"french synthpop,italo disco",,,false,,123.046875,"[0.4065096080303192,0.3196803629398346,0.4085863530635834,0.25480735301971436,0.3662225902080536,0.2889292538166046,0.23038390278816223,0.349601686000824,0.2412072718143463,0.3261686861515045,0.25296083092689514,0.4028899073600769]",2840.95766,2723.945382,"[24.230689847695846,18.386483723002158,22.061652951905995,20.3297489029225,19.245815739445476,18.323269030975684,48.68140548814947]",0.038366508,0.127996777,0.217720732,"[-50.34420394897461,64.75238800048828,18.17405891418457,35.247039794921875,-6.549896240234375,7.060033321380615,-11.05350112915039,0.31655722856521606,-8.049869537353516,-2.327826976776123,-4.531035900115967,0.196565181016922,-6.762624263763428,-1.22418212890625,-3.6049306392669678,-5.140255928039551,-6.436602592468262,-3.382075309753418,-6.492846965789795,3.0925493240356445]",,0,42a848b5-fae8-4038-849f-b38b72aa545c,,2020,0.7,0.6,0.7,0.2,0.05,,,,,
beb893ab-59cb-419d-82b3-f13bdf8533e8,Virginia Beach,Drake,,,,,2025-06-29 09:13:16.401982+00,https://upload.wikimedia.org/wikipedia/en/For_All_the_Dogs.jpg,e7018a51-a7a2-4771-b70b-486ec8ad3e81,,,,false,,,,,,,,,,,,0,,,,,,,,,,,,,
bf5fe7bf-3641-41df-8cca-46a236d11bb8,Ghalin Lotangan,Ajay-Atul/Ajay Gogavale,0e05fb8a-7a45-4c7f-9316-5a52975f4a93,17400,17,https://yaysfbsmvtyqpbfhxstj.supabase.co/storage/v1/object/public/songs/radhakrishn/Ghalin%20Lotangan.mp3,2025-01-11 09:50:07.79669+00,https://yaysfbsmvtyqpbfhxstj.supabase.co/storage/v1/object/public/songs/radhakrishn/images/Ghalin%20Lotangan.jpg,065757ff-17d7-4144-844a-c4e604e0e353,krishna,,,false,,129.1992188,"[0.43634089827537537,0.28390440344810486,0.2390550822019577,0.2275315225124359,0.4206746816635132,0.7072856426239014,0.49610280990600586,0.4222135841846466,0.17965881526470184,0.1469251811504364,0.15615975856781006,0.24943426251411438]",2350.162385,2368.645271,"[21.14233860860781,16.177470540161064,18.32779451511821,19.07777943099992,18.521712213262713,20.415368690694756,46.38006985570699]",0.020748323,0.114583789,0.144661814,"[-63.52357864379883,89.55570220947266,-17.257890701293945,24.81391143798828,0.003036550246179104,4.425570964813232,0.6474161744117737,0.845035970211029,-6.26217794418335,2.0581884384155273,2.8684680461883545,3.551077365875244,6.3046088218688965,-8.004457473754883,-4.344033718109131,3.9118454456329346,-10.334672927856445,-2.7224087715148926,-4.022541522979736,6.51605224609375]",,0,77634ddb-017e-4ea4-9c95-ee3127345dae,,2020,0.7,0.6,0.7,0.2,0.05,,,,,
bf71cc91-a352-4c71-a93b-5175f73e4136,Sweet Dreams (Are Made of This) - 2005 Remaster,Eurythmics/Annie Lennox/Dave Stewart,27cdf5a8-8981-4df6-b6b8-88e13ad806ba,,,https://yaysfbsmvtyqpbfhxstj.supabase.co/storage/v1/object/public/songs/Sweet_Dreams__Are_Made_of_This__-_2005_Remaster.mp3?,2025-03-19 17:31:49.96255+00,https://yaysfbsmvtyqpbfhxstj.supabase.co/storage/v1/object/public/images/Sweet_Dreams__Are_Made_of_This__-_2005_Remaster.jpg?,91d0d76c-7543-457c-bf20-74b56bbd8a45,pop,,,false,,123.046875,"[0.5911032557487488,0.32858264446258545,0.39787083864212036,0.49341633915901184,0.30481913685798645,0.2948128581047058,0.3098851442337036,0.44429758191108704,0.3039342761039734,0.23544737696647644,0.2835557460784912,0.35382959246635437]",2562.604422,2375.843097,"[22.83792311543817,18.40243891420061,21.186431231050463,19.671258423681007,18.754687418132225,18.628106884024568,49.24546679031616]",0.026074726,0.125942018,0.182312235,"[-73.6002197265625,74.44297790527344,-18.06231689453125,24.37029457092285,-4.291106224060059,10.445551872253418,-3.6058902740478516,6.28040075302124,-6.902579307556152,1.9655932188034058,-6.938197612762451,4.586483478546143,-3.968594551086426,-0.5468467473983765,-3.3757574558258057,-5.460721969604492,-6.772824287414551,2.793003559112549,-6.367786884307861,2.97151517868042]",,0,746037e8-0c1a-4da2-bf19-1a01673adb78,,2020,0.7,0.6,0.7,0.2,0.05,,,,,
c042a32f-a592-489c-bf52-de2f292107a7,Amen (feat. Teezo Touchdown),Drake,,,,,2025-06-29 09:13:16.401982+00,https://upload.wikimedia.org/wikipedia/en/For_All_the_Dogs.jpg,4be53bdc-7524-4fe5-b43d-2a9455a0db1d,,,,false,,,,,,,,,,,,0,,,,,,,,,,,,,
c1f5b7bb-ab83-4c4c-9746-4df6a9058e29,MY EYES,Travis Scott,27cdf5a8-8981-4df6-b6b8-88e13ad806ba,,,https://yaysfbsmvtyqpbfhxstj.supabase.co/storage/v1/object/public/songs/MY_EYES.mp3?,2025-03-19 17:31:49.96255+00,https://yaysfbsmvtyqpbfhxstj.supabase.co/storage/v1/object/public/images/MY_EYES.jpg?,2294922a-5832-4bb1-b69f-753ac2b9b572,pop,,,false,,143.5546875,"[0.3053351938724518,0.2662578821182251,0.45514121651649475,0.3805534839630127,0.23295408487319946,0.3052060902118683,0.29231664538383484,0.5357514023780823,0.3445073664188385,0.2533442974090576,0.3504027724266052,0.2556684911251068]",1784.318292,2145.004278,"[20.596061799352707,17.410170707342132,21.41331134512217,18.722030481893892,19.411804438079503,17.53041055633268,48.780524857462716]",0.010286419,0.065783726,0.288523167,"[-101.15511322021484,122.49775695800781,21.395376205444336,18.99904441833496,10.498943328857422,8.772027015686035,-7.077888011932373,-0.8298565745353699,-10.270318984985352,-4.278419494628906,-7.821976661682129,3.7232110500335693,-1.4602904319763184,0.8166196942329407,-0.7760701775550842,3.1847426891326904,-2.9735217094421387,3.438567876815796,-3.111626386642456,2.707463264465332]",,0,746037e8-0c1a-4da2-bf19-1a01673adb78,,2020,0.7,0.6,0.7,0.2,0.05,,,,,
c3732598-26a8-4b98-9161-71d91819b178,Wildest Dreams (Taylor's Version),Taylor Swift,,,,,2025-06-29 09:13:16.401982+00,https://upload.wikimedia.org/wikipedia/en/1989_%28Taylor%27s_Version%29.png,4e132e65-d3f5-4316-9998-c1e63bb20791,,,,false,,,,,,,,,,,,0,02e7ac34-8382-4f1c-82e6-0c902f2046a9,,,,,,,,,,,,
c374c2d0-c0d9-49c7-9144-2fa5a6bee929,Thunder,Imagine Dragons,27cdf5a8-8981-4df6-b6b8-88e13ad806ba,,,https://yaysfbsmvtyqpbfhxstj.supabase.co/storage/v1/object/public/songs/Thunder.mp3?,2025-03-19 17:31:49.96255+00,https://yaysfbsmvtyqpbfhxstj.supabase.co/storage/v1/object/public/images/Thunder.jpg?,e913b17a-7926-48ff-95be-38d9ef2da04e,alternative rock,,,false,,172.265625,"[0.6614530682563782,0.45616909861564636,0.4209027886390686,0.39588165283203125,0.5092324614524841,0.44299620389938354,0.39953047037124634,0.4508886933326721,0.3921380043029785,0.43325865268707275,0.4105703830718994,0.5499014258384705]",1785.213916,2054.044008,"[23.45812323652784,14.199850998980747,16.795598775284066,16.536920858997192,17.497754542921612,18.185266894636918,46.786592471102246]",0.010689925,0.062111953,0.269800633,"[-77.17645263671875,114.02328491210938,-19.008073806762695,25.266538619995117,5.269038200378418,9.176605224609375,2.312966823577881,8.715799331665039,2.493138551712036,7.361842632293701,4.604790210723877,5.508968353271484,2.7759456634521484,2.8105077743530273,0.7360517978668213,5.481203079223633,-3.046563148498535,0.1716497391462326,-0.6449393033981323,3.2423408031463623]",,0,746037e8-0c1a-4da2-bf19-1a01673adb78,,2018,0.8,0.6,0.65,0.1,0.02,,,,,
c3be72b0-aaed-4257-81d3-8769b5b50831,Hold On,Justin Bieber,c2db778d-b597-4ccf-b21f-9d5a5a3544ba,18480,8,https://yaysfbsmvtyqpbfhxstj.supabase.co/storage/v1/object/public/songs/Hold%20On.mp3,2024-12-19 11:21:18.984227+00,,966a6374-4362-442f-903b-fe3b7b4e6112,pop,,,false,,135.9991776,"[0.46087944507598877,0.48230960965156555,0.4216618835926056,0.445317804813385,0.4789803624153137,0.3980308175086975,0.4115930497646332,0.3526044189929962,0.4342193901538849,0.407941997051239,0.4089985489845276,0.4833511710166931]",1753.20919,2118.196025,"[20.436919545726997,14.61614532398212,17.497654579482887,18.48978221268452,19.373858562461024,19.507916894417395,46.426464307289066]",0.011033722,0.065336393,0.165231615,"[-174.05087280273438,106.6914291381836,17.050025939941406,15.512360572814941,16.408199310302734,12.597306251525879,6.912195682525635,10.341456413269043,1.7268158197402954,6.944452285766602,2.064060688018799,6.9696855545043945,-0.46972575783729553,1.8245667219161987,-1.4804089069366455,0.8874828815460205,-1.9927150011062622,3.996166229248047,-1.708121418952942,2.5253210067749023]",,0,,,2021,0.6,0.7,0.75,0.25,0.01,,,,,
c47408ee-173a-4094-856e-f757ca1a7421,Enemy - From the series Arcane League of Legends,Imagine Dragons/Arcane/League of Legends,27cdf5a8-8981-4df6-b6b8-88e13ad806ba,,,https://yaysfbsmvtyqpbfhxstj.supabase.co/storage/v1/object/public/songs/Enemy_-_From_the_series_Arcane_League_of_Legends.mp3?,2025-03-19 17:31:49.96255+00,https://yaysfbsmvtyqpbfhxstj.supabase.co/storage/v1/object/public/images/Enemy_-_From_the_series_Arcane_League_of_Legends.jpg?,b44ad5c5-ce44-4218-9f7d-dfbd67dca55c,alternative rock,,,false,,75.99954044,"[0.29151037335395813,0.3637876808643341,0.4140239655971527,0.3325692415237427,0.366939514875412,0.3983651399612427,0.4779205024242401,0.41771015524864197,0.323245644569397,0.3231673240661621,0.3689304292201996,0.4088773727416992]",2734.547373,2619.354565,"[19.412896035032855,16.64638844592306,18.733423610433608,17.47095819215329,18.200219626020637,17.192663495562343,46.4567381134108]",0.042770889,0.1188803,0.225451201,"[-58.29328918457031,69.99598693847656,-0.35637468099594116,18.568758010864258,3.1338064670562744,6.692600727081299,-9.524941444396973,4.286466598510742,-2.204005002975464,-0.3600299060344696,0.6800438761711121,0.02088041603565216,-4.402321815490723,4.2745585441589355,-1.9291387796401978,4.363403797149658,-1.2186411619186401,0.3354629576206207,-0.3403293192386627,3.2507030963897705]",,0,746037e8-0c1a-4da2-bf19-1a01673adb78,,2018,0.8,0.6,0.65,0.1,0.02,,,,,
c4eaeed2-780e-440e-915b-89f3465ca445,Don’t Take It Personally,"Selena Gomez, benny blanco",,,,https://resonance-bucket-1.s3.us-east-005.backblazeb2.com/songs/Don%E2%80%99t+Take+It+Personally.mp3,2025-05-01 03:00:28.745982+00,https://resonance-bucket-1.s3.us-east-005.backblazeb2.com/images/Don%E2%80%99t+Take+It+Personally.jpg,fa6f364b-8dc7-40fe-9c66-51d3265b2892,,,,false,,,,,,,,,,,,0,9fc41d15-f0aa-42ad-9c64-39495adee508,,,,,,,,,,,,
c5a1f142-0644-4ef5-85c4-49a19bb323d3,After Hours,The Weekend,56dbced7-3584-44fc-85a8-3b08f6e1a382,13500,1,https://yaysfbsmvtyqpbfhxstj.supabase.co/storage/v1/object/public/songs/After%20Hours.mp3,2024-12-01 16:44:08.09693+00,,6be3badf-5d8d-4b27-bd1b-f82d524d6361,r&b,,,false,,107.6660156,"[0.41188767552375793,0.26067596673965454,0.30402565002441406,0.40312743186950684,0.2933664619922638,0.3560471534729004,0.35946643352508545,0.5893666744232178,0.33814284205436707,0.23690330982208252,0.29366782307624817,0.2631112039089203]",2050.671128,2319.741615,"[20.270128479252975,17.950173158993216,19.991648270871394,18.086853303533076,19.518778102527527,19.340015701948797,47.27311549297383]",0.011678224,0.072111479,0.205661014,"[-108.99799346923828,101.42373657226562,-13.635985374450684,-1.1760088205337524,3.9478273391723633,-2.394033670425415,-5.0045976638793945,-8.311180114746094,-7.897051811218262,5.718019485473633,-6.214527606964111,-4.712181568145752,-6.874888896942139,-2.1371612548828125,-7.164015293121338,1.9721895456314087,-0.06419964879751205,1.857264757156372,-0.24885353446006775,6.134243965148926]",,0,,,2020,0.65,0.45,0.7,0.15,0.05,,,,,
c5b7a56c-dfdb-4acb-b1c8-d6545cda5655,As I Am (feat. Khalid),Justin Bieber,c2db778d-b597-4ccf-b21f-9d5a5a3544ba,10440,5,https://yaysfbsmvtyqpbfhxstj.supabase.co/storage/v1/object/public/songs/As%20I%20Am%20(feat.%20Khalid).mp3,2024-12-19 11:21:18.984227+00,,7c330758-e81a-468c-a39a-897b1c237ec8,pop,,,false,,99.38401442,"[0.2741518020629883,0.332896888256073,0.2794903516769409,0.5002479553222656,0.3594474196434021,0.295362651348114,0.41419801115989685,0.30387067794799805,0.3691815733909607,0.2602556645870209,0.3695812523365021,0.42881298065185547]",2294.562265,2488.271379,"[24.826683537223865,17.894148271548634,21.006127640992503,19.650357237814244,20.36282984563473,17.823856566029054,48.1232671288229]",0.018799331,0.090732945,0.201286212,"[-109.89768981933594,90.45832824707031,7.97642707824707,12.909353256225586,9.622740745544434,-1.3467731475830078,-9.54659366607666,1.3820873498916626,-4.545877456665039,3.334134817123413,-1.825788140296936,0.8258031606674194,-0.8600696325302124,3.716857433319092,-2.0890371799468994,1.506966471672058,-5.863311290740967,-0.5901692509651184,-7.613539218902588,-1.604651689529419]",,0,,,2021,0.6,0.7,0.75,0.25,0.01,,,,,
c5f06972-3580-4881-9190-6fdbf9a8fd7f,Bite My Head Off,The Rolling Stones,,,,,2025-06-29 09:13:16.401982+00,https://upload.wikimedia.org/wikipedia/en/Hackney_Diamonds.jpg,963bf052-ceb5-4f0b-b086-f976fdd6c2cb,,,,false,,,,,,,,,,,,0,,,,,,,,,,,,,
c6a376af-67c7-4038-af72-a20a155cd23a,Rolling Stone Blues,The Rolling Stones,,,,,2025-06-29 09:13:16.401982+00,https://upload.wikimedia.org/wikipedia/en/Hackney_Diamonds.jpg,be7aa9bd-172d-4c07-b200-dc0b4ab7e24f,,,,false,,,,,,,,,,,,0,,,,,,,,,,,,,
c740172d-0841-4e78-b16f-a958dc6e4896,Scared To Live,The Weekend,d5ae8b55-828e-4f4d-beec-d4db56eb19fd,13500,14,https://yaysfbsmvtyqpbfhxstj.supabase.co/storage/v1/object/public/songs/Scared%20To%20Live.mp3,2024-12-01 18:33:43.637226+00,,95e8aaaa-2bb0-48a1-8203-8f03b2491ece,r&b,,,false,,172.265625,"[0.5197027921676636,0.3490113615989685,0.38739874958992004,0.31787678599357605,0.4289044737815857,0.36978599429130554,0.2968449890613556,0.4607312083244324,0.3822074830532074,0.4496314823627472,0.33637943863868713,0.34382107853889465]",1844.854095,2183.310356,"[22.845525791308614,16.83627556843375,20.229656735813332,19.69108904672481,19.500451991350843,19.22845636467141,49.654007507065636]",0.016060809,0.062486563,0.105679758,"[-200.27940368652344,103.47503662109375,18.186893463134766,30.615053176879883,6.37682580947876,10.361913681030273,2.2710227966308594,6.7163872718811035,-6.753751754760742,10.641743659973145,-2.0583109855651855,1.1608128547668457,-3.5221214294433594,3.8925085067749023,-5.38165807723999,1.424993872642517,-1.7443193197250366,1.7508771419525146,-1.2558757066726685,5.6233811378479]",,0,,,2020,0.65,0.45,0.7,0.15,0.05,,,,,
cb48c3e2-c206-4e40-8208-23b29e5a98b5,Tried Our Best,Drake,,,,,2025-06-29 09:13:16.401982+00,https://upload.wikimedia.org/wikipedia/en/For_All_the_Dogs.jpg,f8523299-abb0-4a94-9b16-edfada21c812,,,,false,,,,,,,,,,,,0,,,,,,,,,,,,,
cea2325e-e4a3-4318-9768-1f65230c2d4c,Natural,Imagine Dragons,27cdf5a8-8981-4df6-b6b8-88e13ad806ba,,,https://yaysfbsmvtyqpbfhxstj.supabase.co/storage/v1/object/public/songs/Natural.mp3?,2025-03-19 17:31:49.96255+00,https://yaysfbsmvtyqpbfhxstj.supabase.co/storage/v1/object/public/images/Natural.jpg?,4dca7043-0416-4ecb-ad3d-9c4736fc5690,alternative rock,,,false,,99.38401442,"[0.3176150321960449,0.39429521560668945,0.40586984157562256,0.33447980880737305,0.4414297044277191,0.4434339702129364,0.2969094216823578,0.31804370880126953,0.4056432545185089,0.6113221645355225,0.3908761143684387,0.26516249775886536]",2650.987043,2659.991869,"[22.482567536190782,15.640001046810289,19.024370365078212,17.592428444954024,17.993035356110198,16.8701067249716,46.61903356722663]",0.034982253,0.112574978,0.206271142,"[-62.639068603515625,72.3468017578125,-0.8931592702865601,23.179628372192383,10.627618789672852,9.325854301452637,-9.881853103637695,4.116562366485596,-7.1579976081848145,-3.2970423698425293,-2.440429210662842,-5.812423229217529,-4.367332935333252,-3.8492612838745117,-6.287916660308838,-0.7129337191581726,-8.020505905151367,0.5493109226226807,-4.035172462463379,-1.741713047027588]",,0,746037e8-0c1a-4da2-bf19-1a01673adb78,,2018,0.8,0.6,0.65,0.1,0.02,,,,,
ceb1ed59-1ade-455c-819e-fa8ac56928a4,Meri Radha Rani,Raanjha,0e05fb8a-7a45-4c7f-9316-5a52975f4a93,10860,9,https://yaysfbsmvtyqpbfhxstj.supabase.co/storage/v1/object/public/songs/radhakrishn/Meri%20Radha%20Rani.mp3,2025-01-11 09:50:07.79669+00,https://yaysfbsmvtyqpbfhxstj.supabase.co/storage/v1/object/public/songs/radhakrishn/images/Meri%20Radha%20Rani.jpg,724683b2-2fd1-4576-8651-585ff614ab64,krishna,,,false,,172.265625,"[0.20292745530605316,0.23239192366600037,0.3859081566333771,0.28984370827674866,0.4062694311141968,0.47042974829673767,0.45894280076026917,0.6016892790794373,0.42449381947517395,0.256379097700119,0.24631783366203308,0.2561782896518707]",1605.204195,2030.819824,"[27.941322804434385,18.52522654973056,21.990620016878193,20.52874228251722,20.995363776146544,20.17330893869275,48.4625096205959]",0.006040476,0.057831248,0.106987059,"[-211.42575073242188,119.1748046875,10.712234497070312,20.49467658996582,13.846590042114258,0.9286981225013733,2.6794748306274414,2.721383571624756,-14.131775856018066,3.9885873794555664,-8.2581787109375,4.599238395690918,-2.3410894870758057,-3.3415846824645996,-5.344443321228027,-8.756953239440918,-7.769399166107178,-5.317264080047607,-7.732354164123535,-1.931170105934143]",,0,77634ddb-017e-4ea4-9c95-ee3127345dae,,2020,0.7,0.6,0.7,0.2,0.05,,,,,
d36d4e7b-0216-449f-8849-24899a326cb3,Save Your Tears,The Weeknd,56dbced7-3584-44fc-85a8-3b08f6e1a382,12900,2,https://yaysfbsmvtyqpbfhxstj.supabase.co/storage/v1/object/public/songs/Save%20Your%20Tears.mp3,2024-11-30 10:18:26.161843+00,,44acf1e3-bb09-4423-a844-45ec8330137b,r&b,,,false,,117.4538352,"[0.4697953760623932,0.33449798822402954,0.3860228657722473,0.37787818908691406,0.5765469670295715,0.4027084708213806,0.3534579873085022,0.4694119691848755,0.353240042924881,0.34924226999282837,0.336016982793808,0.4662644565105438]",2199.866484,2382.410333,"[19.567714670489423,14.873885368312171,18.777540277983455,17.80587378893599,17.945608326305823,17.910945326182073,51.26133526903563]",0.023167579,0.092884646,0.198169395,"[-84.21607208251953,93.24593353271484,-4.646359920501709,22.919992446899414,3.9169254302978516,11.401579856872559,-3.8231775760650635,4.921445369720459,-8.317880630493164,9.208640098571777,1.0258970260620117,5.409305095672607,-1.7927252054214478,4.826110363006592,-3.1373720169067383,2.3691446781158447,-1.1649736166000366,1.8174445629119873,-2.4995369911193848,7.599775314331055]",,0,,,2020,0.65,0.45,0.7,0.15,0.05,,,,,
d9976a7b-9be3-4bb5-a9cb-2e04a476c165,Marooned,Pink Floyd,37be7979-1f2c-4001-9a57-b951b79778d6,19500,14,https://yaysfbsmvtyqpbfhxstj.supabase.co/storage/v1/object/public/songs/Marooned.mp3,2025-01-16 08:34:10.468363+00,https://yaysfbsmvtyqpbfhxstj.supabase.co/storage/v1/object/public/images/Marooned.jpg?t=2025-01-16T07%3A45%3A05.624Z,e8ab6d29-9d7c-4ef4-b0bf-7991e19a5124,"album rock,art rock,classic rock,progressive rock,psychedelic rock,rock,symphonic rock",,,false,,73.828125,"[0.27411025762557983,0.3109285831451416,0.35367605090141296,0.23827368021011353,0.37376612424850464,0.29426372051239014,0.5263194441795349,0.3188278079032898,0.22196100652217865,0.31736859679222107,0.2888295650482178,0.5185282826423645]",1444.928045,1633.099765,"[17.262217099863253,15.560420575822095,19.607739796109534,20.118780333506557,20.88361407822265,22.162347644837908,50.336208400719926]",0.006001287,0.081277521,0.099132985,"[-175.0408172607422,144.52891540527344,-19.343910217285156,40.10325241088867,-0.4594067335128784,-1.123140811920166,-1.515985131263733,1.4336738586425781,0.9374880194664001,1.0734916925430298,-0.9023488163948059,4.330530643463135,-1.3599599599838257,-1.2719155550003052,-1.6826239824295044,-0.7604822516441345,-2.985429048538208,0.9118747711181641,-1.7610093355178833,-2.505277156829834]",,0,42a848b5-fae8-4038-849f-b38b72aa545c,,2020,0.7,0.6,0.7,0.2,0.05,,,,,
d9d4597d-6658-4c73-b755-1922165428a1,Drew a Picasso,Drake,,,,,2025-06-29 09:13:16.401982+00,https://upload.wikimedia.org/wikipedia/en/For_All_the_Dogs.jpg,dbcf4fcb-6a5a-4965-8a25-470193760c4b,,,,false,,,,,,,,,,,,0,,,,,,,,,,,,,
d9fa64fe-bfef-44d3-abc7-1af35a3ecb17,Angry,The Rolling Stones,,,,,2025-06-29 09:13:16.401982+00,https://upload.wikimedia.org/wikipedia/en/Hackney_Diamonds.jpg,9d08e7bc-9902-4498-8181-0fa882c1103e,,,,false,,,,,,,,,,,,0,,,,,,,,,,,,,
da955720-cbc6-4647-8af5-1606557e4dc7,Skyfall,Adele,27cdf5a8-8981-4df6-b6b8-88e13ad806ba,,,https://yaysfbsmvtyqpbfhxstj.supabase.co/storage/v1/object/public/songs/Skyfall.mp3?,2025-03-19 17:31:49.96255+00,https://yaysfbsmvtyqpbfhxstj.supabase.co/storage/v1/object/public/images/Skyfall.jpg?,0c7b6d04-e6eb-446c-bfd9-2f39c86bda7f,pop,,,false,,151.9990809,"[0.4826013147830963,0.25350186228752136,0.35834965109825134,0.4001621603965759,0.20580366253852844,0.21824662387371063,0.25827842950820923,0.43959736824035645,0.27508944272994995,0.24757321178913116,0.22915160655975342,0.27644261717796326]",1819.696621,2151.666553,"[24.150434431904234,17.418883259894983,20.588646845362355,20.485799969381684,21.02990059466008,19.67432491017935,47.47009918974019]",0.009534606,0.07777737,0.189765215,"[-108.15740966796875,113.06820678710938,-2.97442889213562,10.791853904724121,2.8666510581970215,2.1104767322540283,-4.661213397979736,0.7673091888427734,-1.7178001403808594,2.311333417892456,-7.465072154998779,4.523836612701416,-2.8828060626983643,-0.10954470187425613,-0.4793909192085266,-1.458277702331543,-0.8574988842010498,0.2784110903739929,-4.864134788513184,1.7189934253692627]",,0,746037e8-0c1a-4da2-bf19-1a01673adb78,,2020,0.7,0.6,0.7,0.2,0.05,,,,,
db181492-43ef-4596-b7ed-bb0059d07931,Jhol x Afsos,DJ Sumit Rajwanshi,,5:51,,https://yaysfbsmvtyqpbfhxstj.supabase.co/storage/v1/object/public/songs//Jhol%20X%20Afsos%20-%20DJ%20Sumit%20Rajwanshi.mp3,2025-06-03 19:28:19.812146+00,https://yaysfbsmvtyqpbfhxstj.supabase.co/storage/v1/object/public/images//Jhol%20X%20Afsos%20-%20DJ%20Sumit%20Rajwanshi.jpg,52c081c7-8767-4e23-a13e-16676d29a28f,,,,false,,,,,,,,,,,,0,,,,,,,,,,,,,
db4c92c6-b07b-4f3a-ac04-60200e287cdd,How You Get the Girl (Taylor's Version),Taylor Swift,,,,,2025-06-29 09:13:16.401982+00,https://upload.wikimedia.org/wikipedia/en/1989_%28Taylor%27s_Version%29.png,a2c3961e-ab4b-40e6-9832-9bfdd621fac3,,,,false,,,,,,,,,,,,0,02e7ac34-8382-4f1c-82e6-0c902f2046a9,,,,,,,,,,,,
dbf1e216-5d8a-4ba5-829d-7e31dace3aa4,Finding The Way,Olivia Foa'i/Te Vaka/Disney,6fc7a1e8-41f9-4e37-8ea5-6e0b2d8d4a74,5520,10,https://yaysfbsmvtyqpbfhxstj.supabase.co/storage/v1/object/public/songs/Finding%20The%20Way.mp3,2024-12-19 18:06:15.278825+00,,501654d0-eed4-4a33-a827-7019db6f60b5,soundtrack,,,false,,92.28515625,"[0.25278592109680176,0.3291531801223755,0.25711533427238464,0.31807655096054077,0.5023798942565918,0.29054540395736694,0.2518925070762634,0.20985819399356842,0.3046942949295044,0.4962383806705475,0.3193763494491577,0.3290953040122986]",1850.602843,2061.772101,"[19.03693385708479,15.131877324597417,19.00322842432946,20.02556817746142,19.31288670981631,20.314923902471417,47.325566808157525]",0.060959842,0.08449396,0.126210213,"[-162.5093994140625,96.67779541015625,-14.904096603393555,9.39001178741455,-5.915787220001221,-0.2918485701084137,4.459989547729492,1.4387151002883911,-7.620244026184082,7.585524082183838,-6.578319072723389,1.081511378288269,-0.5892025828361511,1.059883952140808,0.6484647989273071,1.9924147129058838,-3.498093843460083,-0.4956439137458801,-4.875007152557373,-4.406346797943115]",,0,,,2022,0.65,0.75,0.7,0.25,0.01,,,,,
dcaa40e8-8979-4e70-a530-ba711125ac94,"Jhol ","Annural Khalid, Maanu",,4:25,,"https://yaysfbsmvtyqpbfhxstj.supabase.co/storage/v1/object/public/songs//Jhol%20-%20Annural%20Khalid,%20Maanu.mp3",2025-06-03 19:28:19.812146+00,https://yaysfbsmvtyqpbfhxstj.supabase.co/storage/v1/object/public/images//Jhol.jpg,38f8f3ff-e4cc-42bb-9759-5cf987355386,,,"[00:19.00] Kevain tenu mei dikhaawan
[00:21.96] Dillon russ gayi aan chaawaan
[00:25.10] Teri yaadan ich bikhra mein, dunya sajaawaan
[00:31.29] Sunn ve mein kithay jaawaan
[00:34.46] Hun russ gayi aan raawaan
[00:37.38] Mei te dassiya si, khwaabaan ich takya si
[00:40.17] Le hun din v nai chariya
[00:42.32] te dil ich toon
[00:43.42] Meray mann ich toon
[00:45.07] Jaddon vi nai hondi paas
[00:46.66] Te tarapdi ay rooh
[00:48.24] Te ravein tu kareeb sohni, haali na tu ja
[00:51.16] Tu hi hai mera naseeb
[00:52.71] Kaddi vi na jaavein door
[00:54.36] Assi laa dittay jinnay vi tu mangdi ay taaray,
[00:57.98] Meri jaan kaddi vi na darri meray pyaaray
[01:00.86] dil ich tu
[01:02.25] Meri hasrat ay tu
[01:03.53] Assi teray uttay marday ne, sunday nai kyu
[01:07.05] Hun te roz tenu chaanday jaanday
[01:11.20] Teray husn uttay marday assi roz
[01:15.28] Ki kariye sajna bol
[01:19.44] Teray hi jhol uttay nachday saaray
[01:23.69] Teray pyaar ich kariye ki hun bol
[01:27.33] Sajna kya aavan kol
[01:30.29] 
[01:38.98] Kinnu poochaa mein
[01:39.71] Esaas kithay rakhday ne, Gallan taalday, Te naal kevain, Hassday ne
[01:45.06] Chad ditti mei umeedaan saari dunya ton
[01:48.25] Aiwein lokaan diyaan gallan ich phassday ne
[01:51.16] Nai Mei ni bol diyaan jhoot, meray te tera ay suroor
[01:54.12] Teray uttay likhan ganay sonay jajjday ne
[01:57.25] dilaan dee yaari saadi, ve dilaan da nayyo ae kasoor
[02:00.43] Naal rehna si zaroor, saaday thay iraaday
[02:03.32] Mera koye hor nai ae dass ditta dunya nu
[02:06.54] Jaddon vi aavay apne naal lavay khushian nu
[02:09.60] Jaddon v door javay, Jaan saadi kadd javay
[02:12.60] Sajna ay teray kol vassna e chaavay
[02:15.81] Muskura ke lay litti ay saadi zimevaari
[02:18.82] Ni mein nai kitti kaddi vi teray ton badgumaani
[02:21.93] Tu mera yaar si, dil aasmaan paar si
[02:24.69] Ae dou dillaan da pyaar si o
[02:26.38] Pyaar na si kaghazi par
[02:28.17] Meri khaahish ay toon
[02:34.45] Meri hasrat ay toon
[02:35.90] Assi teray utthay marday ne manday nai kyun
[02:39.33] Hun te roz tenu chaanday jaanday
[02:43.54] Teray husn uttay marday assi roz
[02:47.56] Ki kariye sajna bol
[02:51.79] Teray hi jhol uttay nachday saaray
[02:55.98] Teray pyaar ich kariye ki
[02:58.10] hun bol Sajna kya aavan kol
[03:03.13] 
[03:16.99] Tere te mein waari jaavaan
[03:22.16] Tere gunn gaavaan mein
[03:29.24] Tere bin jee lagda nay ae
[03:34.39] Bus tenu chavaan mein
[03:37.59] hun raava mor
[03:40.93] Hun te roz tenu chaanday jaanday
[03:45.10] Teray husn uttay marday assi roz
[03:48.86] Ki kariye sajna bol
[03:53.09] Teray hi jhol uttay nachday saaray
[03:57.37] Teray pyaar ich kariye ki hun bol
[04:01.29] Sajna kya aavan kol
[04:04.44] ",false,,,,,,,,,,,,0,,,,,,,,,"How can I unveil this to you?
My heart doesn't desire anymore
Shattered in your memory, I adorn my world
Listen, which way should I turn?
The roads have disappeared on me
I feared this would happen
Now the day hasn't even dawned
In my heart, it's you
In my longing, it's you
When you're not near, my soul is in agony
Stay close to me, my love, don't leave me already
You are my destiny, never go far from me
When you asked, I gathered all the stars for you
You need never fear my love
In my heart, it's you
My desire is you
I'd die for you
Why don't you hear me?
With each day, my longing for you grows
Each day, your beauty leaves me more undone
What to do, tell me, my love? (My love)
Yes, your enchantment makes everyone dance
Now that I've fallen for you, what am I to do?
My love, can I come a little closer?
Who should I turn to?
How do they conceal their feelings, laughing as if unburdened?
Hope has deserted me
We get trapped by others' words without reason
No, I'm not lying, your allure overwhelms me
The songs I write are odes to you
The connection of our hearts is not a fault of our hearts
Our desire was simply to be together
I have made it known to the world, you are the only one for me
When you come to me, happiness follows
When you go far, a void engulfs me
I yearn to stay with you, my love
With a smile, I've assumed all obligations
I've never doubted you
When you were by my side, my heart soared across the skies
Such was the connection of two hearts
Our love speaks beyond words on paper
My wish is you
My desire is you
I'd die for you
Why don't you believe me?
With each day, my longing for you grows
Each day, your beauty leaves me more undone
What to do, tell me, my love? (My love)
Yes, your enchantment makes everyone dance
Now that I've fallen for you, what am I to do?
My love, can I come a little closer?I dedicate my life to you
I sing your praises
Without you, I feel numb
All I want is you
Turn around for me
I dedicate my life to you
I sing your praises
Without you, I feel numb
All I want is you
Turn around for me
With each day, my longing for you grows
Each day, your beauty leaves me more undone
What to do, tell me, my love? (My love)
Yes, your enchantment makes everyone dance
Now that I've fallen for you, what am I to do?
My love, can I come a little closer?",,,,
dcb65a7e-0753-4d36-8c41-0dd2f4eb5014,Nuku O Kaiga,Te Vaka,6fc7a1e8-41f9-4e37-8ea5-6e0b2d8d4a74,4380,4,https://yaysfbsmvtyqpbfhxstj.supabase.co/storage/v1/object/public/songs/Nuku%20O%20Kaiga.mp3,2024-12-15 05:26:08.827892+00,,306d0ff6-b833-4d09-8478-c22730806cc7,pop,,,false,,184.5703125,"[0.35805174708366394,0.3059946596622467,0.46530595421791077,0.3555707037448883,0.2698536217212677,0.18262657523155212,0.28731921315193176,0.3913542330265045,0.2774594724178314,0.3148803412914276,0.29264160990715027,0.4109908938407898]",1689.375806,2120.84083,"[19.188122046315748,15.81920731253807,18.539278073983198,19.241014972449555,17.6342469668296,18.460079863337725,46.65490830465496]",0.065248504,0.066183159,0.10283,"[-214.60206604003906,99.48397064208984,3.7083535194396973,17.322072982788086,-3.4985053539276123,5.577730655670166,3.302826166152954,3.507711172103882,-8.653406143188477,0.9686161875724792,-5.9337568283081055,-4.1803998947143555,-1.870977759361267,-2.4888124465942383,-5.01361083984375,-2.9613983631134033,-7.010634422302246,-2.708481550216675,-3.000936508178711,-3.116269826889038]",,0,,,2020,0.7,0.6,0.7,0.2,0.05,,,,,
ddf6e541-612a-46d5-9fa6-bab114e14db7,Departure Lane,"Talha Anjum, Umair",,,,"https://yaysfbsmvtyqpbfhxstj.supabase.co/storage/v1/object/public/songs//Departure%20Lane%20-%20Talha%20Anjum,%20Umair.mp3",2025-06-03 19:28:19.812146+00,https://yaysfbsmvtyqpbfhxstj.supabase.co/storage/v1/object/public/images//Departure%20Lane.jpeg,da197bb0-3eca-4754-bdd7-eb416a846804,,,"[00:21.17] Khushfehmiyan hain, khud se bani hain
[00:26.63] Kuch kami hai toh (kuch kami hai toh)
[00:31.42] Main bhi yahaan hoon, wo bhi yahin hai
[00:36.38] Kya wo nahi hai jo? (Wo nahi hai jo)
[00:40.67] Kya wo teri-meri be-takallufi?
[00:43.24] Ya wo duniya mein sabse sar-kashi
[00:45.87] Tu pariyon si kaisi nazneen
[00:48.32] Ki dil ne zehan ki na suni
[00:50.86] Khuda ne ye hawayein tere sang kardi
[00:53.49] Tu wo jo be-rang ko bhi rang karti
[00:55.96] Tu wo jo mujhe haasil hi nahi
[00:58.36] Main karoon tujhe kaise ye bayaan?
[01:00.84] Meri jaan, meri jaan, tu na jaa
[01:03.34] Abhi karz hai tujhpe wo waada
[01:05.91] Meri jaan, mujhe kya hi pata tha
[01:08.39] Rang badle ye kaise aasmaan
[01:10.94] Meri jaan, meri jaan, yun na jaa
[01:13.50] Badlo na tum apna iraada
[01:15.93] Meri jaan, mujhe kya hi pata tha
[01:18.59] Rang badle ye kaise aasmaan
[01:22.02] Meri saari umar mein tu hi hai kami, baaki sab hai mayassar
[01:25.86] Tera na aana mujhe maar dega, tanhaiyon mein dil mera rukta hai aksar
[01:31.36] Bikhra hai dil ka ye daftar, koyi nhi ghar par, jaaunga kidhar tak?
[01:36.46] Aadatein nahi chhut'ti, roz wahin jahaan se shuru kiya sifar se sifar tak
[01:41.53] Duniya mile kaam se bas (mm-mm)
[01:44.15] Duniya mere kaam ki nahi (mm-mm)
[01:46.44] Main suraj sе mukhatib hoke shaam se baitha hoon
[01:48.83] Ye humara pеhla jaam to nahi (jaam to nahi)
[01:51.34] Sabar ka imtehaan na le, tu mere sabar ka inaam to nahi
[01:55.61] Tu mujhse kuchh chhupa bhi le
[01:56.80] Tu mujhe kuchh bata hi nahi
[01:58.12] Ab teri marzi, mujhpe kuch tu kar ayaan hi nahi (no, no)
[02:01.33] Meri jaan, meri jaan, yun na jaa
[02:03.93] Abhi karz hai tujhpe wo waada
[02:06.49] Meri jaan, mujhe kya hi pata tha
[02:08.79] Rang badle ye kaise aasmaan
[02:11.57] Meri jaan, meri jaan, yun na jaa
[02:14.05] Badlo na tum apna iraada
[02:16.61] Meri jaan, mujhe kya hi pata tha
[02:19.14] Rang badle ye kaise aasmaan
[02:21.55] ",false,,,,,,,,,,,,0,77634ddb-017e-4ea4-9c95-ee3127345dae,,,,,,,,"Khushfehmiyan (happy feelings), they are made by themselves
If there is something missing then (if there is something missing)
I am also here, he is also here
Is he not that? (He is not that)
Is he without any trouble?
Ya she is the greatest beauty in the world
You are like the eyes of strangers
The heart did not listen to the mind
God made these winds accompany you
You are the one who gives colour to the colorless
You are the one who I have not even been able to achieve
How can I tell you this?
My love, my love, don't you go
I still owe you that promise
My love, I didn't know
How did the sky change its color
My love, my love, don't go like this
Don't change your intention
My love, I didn't know
How did the sky change its color
In my whole life, you are the only thing that is missing, everything else is there mayassar
Your not coming will kill me, my heart often stays in loneliness
This office of my heart is sold, no one is at home, will I go till the kid?
Habits don't end, I started from the same place everyday, from one place to another
The world is achieved only by work (mm-mm)
The world is not of any use to me (mm-mm)
I have been sitting since evening facing the sun
This is not my first drink (not a drink)
Don't test my patience, you are not a reward for my patience
You can hide something from me
You tell me something no
Now it is your will, I am not allowed to do anything (no, no)
My life, my life, don't go like this
Now I owe you that promise
My life, I didn't know
How did the sky change its color
My life, my life, don't go like this
Change your intention
My life, I didn't know
how is the sky
",,,,
ddfc76aa-6ced-4798-8063-18275cc9094a,Black - Demo,Imagine Dragons,bc3edb05-3f78-45f4-a0fa-288131b62571,,,https://yaysfbsmvtyqpbfhxstj.supabase.co/storage/v1/object/public/songs/Black - Demo.mp3?,2025-03-18 13:55:13.037066+00,https://yaysfbsmvtyqpbfhxstj.supabase.co/storage/v1/object/public/images/Black - Demo.jpg?,a919b245-21fe-4d51-8afc-d79be78f8204,alternative rock,,,false,,99.38401442,"[0.32253220677375793,0.3302702307701111,0.4129506051540375,0.4596434235572815,0.6133292317390442,0.42952704429626465,0.3968137800693512,0.44271498918533325,0.3331073820590973,0.34560829401016235,0.355031818151474,0.39995843172073364]",1856.626456,2251.490134,"[18.695392823431717,16.095247895754518,16.767724629021053,16.211433573535107,16.94640710045261,16.891362628425185,44.79935656106714]",0.024467973,0.064667942,0.283011436,"[-83.23641204833984,108.95718383789062,3.1362099647521973,23.10499382019043,12.90654182434082,8.031582832336426,-4.168525218963623,1.335921049118042,0.8518226146697998,0.36467117071151733,0.908260703086853,2.6099109649658203,-0.9311728477478027,2.771085500717163,0.8228265047073364,2.2090001106262207,-3.5162181854248047,5.214049339294434,-0.6202370524406433,-0.1222982183098793]",,0,,,2018,0.8,0.6,0.65,0.1,0.02,,,,,
e0374509-f14f-4769-85dd-722188febc9c,Dust in the Wind,Kansas,37be7979-1f2c-4001-9a57-b951b79778d6,11940,23,https://yaysfbsmvtyqpbfhxstj.supabase.co/storage/v1/object/public/songs/Dust%20in%20the%20Wind.mp3,2025-01-16 08:34:10.468363+00,https://yaysfbsmvtyqpbfhxstj.supabase.co/storage/v1/object/public/images/Dust%20in%20the%20Wind.jpg?t=2025-01-16T07%3A50%3A10.789Z,2f01a274-af2b-45b0-8bde-20f9134e623a,"album rock,classic rock,hard rock,heartland rock,mellow gold,progressive rock,rock,soft rock",,,false,,123.046875,"[0.25400060415267944,0.16332665085792542,0.2589966356754303,0.29257816076278687,0.5342472791671753,0.37771108746528625,0.21967042982578278,0.30551332235336304,0.2590792179107666,0.3968881368637085,0.27860963344573975,0.23378366231918335]",1173.672091,1582.754981,"[24.14295073657938,18.599756366668334,22.005717208731436,22.000380149385773,22.770440646536375,21.789781029803724,50.52718264573626]",0.0012222,0.051036403,0.129869953,"[-187.60772705078125,143.35098266601562,-7.946025371551514,34.3658447265625,0.5368790030479431,9.626611709594727,-8.137022972106934,0.5466583371162415,-1.2592132091522217,0.9021657705307007,-6.824775218963623,-4.279820919036865,-9.073967933654785,-7.008056640625,-7.831275463104248,-8.132567405700684,-12.37665843963623,-5.096730709075928,-10.828883171081543,-8.10346794128418]",,0,42a848b5-fae8-4038-849f-b38b72aa545c,,2020,0.7,0.6,0.7,0.2,0.05,,,,,
e041bb8e-fdb4-4718-b93c-721f9d9614ae,Believer,Imagine Dragons,27cdf5a8-8981-4df6-b6b8-88e13ad806ba,,,https://yaysfbsmvtyqpbfhxstj.supabase.co/storage/v1/object/public/songs/Believer.mp3?,2025-03-19 17:31:49.96255+00,https://yaysfbsmvtyqpbfhxstj.supabase.co/storage/v1/object/public/images/Believer.jpg?,bdf5f1ea-5f27-484b-9a2d-b14561dea46f,alternative rock,,,false,,123.046875,"[0.4516555070877075,0.4742109179496765,0.34098801016807556,0.3649398982524872,0.35271140933036804,0.36013922095298767,0.33228424191474915,0.3485397398471832,0.37814804911613464,0.46030664443969727,0.5263482928276062,0.3790499269962311]",2350.234838,2412.624861,"[19.661911470967517,15.960177643326592,18.396651173923686,16.91183558095071,17.514092334721038,16.785018159979263,46.71499700760222]",0.026322516,0.096910891,0.2879619,"[-29.235755920410156,84.6727066040039,-13.45587158203125,21.984230041503906,7.084354400634766,9.054475784301758,-6.182985782623291,8.52120590209961,-2.7884373664855957,0.34296709299087524,1.0400726795196533,0.2651723325252533,1.665916085243225,2.458285331726074,1.2058491706848145,5.328874588012695,-3.713266134262085,-1.7482681274414062,-2.593601703643799,-0.6698043942451477]",,0,746037e8-0c1a-4da2-bf19-1a01673adb78,,2018,0.8,0.6,0.65,0.1,0.02,,,,,
e08a6eb7-3720-4c88-92c9-96a0739ed75e,Cry For Me,The Weeknd,,,,https://yaysfbsmvtyqpbfhxstj.supabase.co/storage/v1/object/public/songs//Cry%20For%20Me%20-%20The%20Weeknd.mp3,2025-04-06 15:20:40.388362+00,https://yaysfbsmvtyqpbfhxstj.supabase.co/storage/v1/object/public/images//Cry%20For%20Me.jpeg,c53b92d4-d18e-4452-93c5-cde4d8348ab5,r&b,,"[00:07.84] Ooh, yeah
[00:11.98] Ooh, yeah
[00:15.44] I can feel it
[00:17.88] Girl, pick up your phone, I can't believe it
[00:21.64] I can feel my spirit slowly leaving
[00:25.54] I can see myself and I'm not breathing, ah
[00:29.19] I'm not breathing (I'm not breathing), slowly bleeding (bleeding)
[00:33.70] I wish that I told you all my feelings (feelings)
[00:37.75] I hope that I live life for a reason (reason)
[00:41.74] But at least you'll play this song when I'm gone
[00:46.51] And I hope you cry for me like I cry for you
[00:51.13] Every night for you
[00:53.46] Take it easy on me, baby
[00:55.45] 'Cause I tried with you, saw my life with you
[00:59.25] End of time with you
[01:01.60] Now we're strangers
[01:02.56] And I hope that you still cry for me like I cried for you
[01:07.21] Every night for you
[01:09.50] I've been living with this lie, now I can't hide the truth
[01:13.26] I can't hide the truth
[01:15.28] Girl, I'll cry for you
[01:17.27] Girl, I'll cry for you, ooh, yeah
[01:20.42] I can't see clear, I wash my fears
[01:24.22] With whiskey tears
[01:28.27] I disappear, don't interfere
[01:32.26] The end is near
[01:36.34] The crowd will scream, I block my ears
[01:40.16] To stop the cheers
[01:43.41] 'Cause this stage took a toll, been faded on the floor
[01:47.36] In this penthouse prison, I'm alone
[01:50.78] And I hope you'll cry for me like I cry for you
[01:55.36] Every night for you
[01:57.45] Take it easy on me, baby
[01:59.33] 'Cause I tried with you, saw my life with you
[02:03.24] End of time with you
[02:05.20] Now we're strangers
[02:06.68] And I hope that you still cry for me like I cried for you
[02:11.34] Every night for you
[02:13.39] I've been living with this lie, now I can't hide the truth
[02:17.13] I can't hide the truth (hide the truth)
[02:19.38] Girl, I'll cry for you
[02:21.21] Girl, I'll cry for you, ooh, yeah
[02:24.36] Every time I hit the road, it takes a little piece of me
[02:29.45] Kills me slowly (slowly)
[02:32.46] When I needed you the most, you always gave me sympathy
[02:37.22] Now you're over me (over me)
[02:40.35] Now you're better on your own, it ain't a fuckin' mystery
[02:45.23] You've been showing me
[02:48.12] Now I've been burning up my home, baby
[02:52.34] I've been burning up my home
[02:54.60] And I hope you cry for me like I cry for you
[02:59.30] Every night for you
[03:01.21] Take it easy on me, baby
[03:03.32] 'Cause I tried with you, saw my life with you
[03:07.13] End of time with you
[03:09.29] Now we're strangers
[03:10.58] And I hope that you still cry for me like I cried for you
[03:15.17] Every night for you
[03:17.05] I've been living with this lie, now I can't hide the truth
[03:21.20] I can't hide the truth
[03:23.23] Girl, I'll cry for you
[03:25.24] Girl, I'll cry for you, ooh, yeah
[03:28.07] 
[03:31.46] (Ooh, yeah)
[03:31.84] ",false,,117.4538352,"[0.3039914667606354,0.26156434416770935,0.41351941227912903,0.30921053886413574,0.3014455735683441,0.39701634645462036,0.36841851472854614,0.5793831944465637,0.3608750104904175,0.399324893951416,0.38211676478385925,0.2699223458766937]",2253.338786,2454.823918,"[26.016019817498616,17.034863732314875,20.988624891130705,19.947150647934027,19.42673570669608,18.92040454360052,49.567693233815106]",0.013911794,0.08135141,0.286101192,"[-52.07853698730469,88.04263305664062,-5.520641326904297,22.604310989379883,-0.9770774245262146,7.033533096313477,-4.9604315757751465,4.288402557373047,-5.4345831871032715,6.951272487640381,-2.7324445247650146,-0.1807844042778015,-6.673582077026367,2.009591817855835,-2.7879843711853027,4.553558826446533,-0.026830581948161125,5.186171531677246,-0.43816012144088745,3.638254404067993]",1b8b3bdf-b023-47c0-9a5a-1905ca066e78,0,,,2020,0.65,0.45,0.7,0.15,0.05,,,,,
e1191507-6f61-4ebe-9f94-63dbf7a1f745,MLK Interlude,Justin Bieber,c2db778d-b597-4ccf-b21f-9d5a5a3544ba,6240,7,https://yaysfbsmvtyqpbfhxstj.supabase.co/storage/v1/object/public/songs/MLK%20Interlude.mp3,2024-12-19 11:21:18.984227+00,,8a6ee7a3-d87a-4c70-8280-e6e4bc5c26cc,pop,,,false,,95.703125,"[0.4404211938381195,0.3426375389099121,0.3224535882472992,0.30467209219932556,0.28572502732276917,0.27198559045791626,0.30127471685409546,0.33907416462898254,0.3962777256965637,0.45859652757644653,0.5548204183578491,0.5274627208709717]",2314.369015,2252.451321,"[22.733507346795573,15.492933190047934,18.41002089586538,16.97437097628541,17.43871287045912,20.494201917957668,46.513243982979645]",0.014778244,0.103988454,0.103752151,"[-167.6603546142578,84.8143081665039,-23.630226135253906,43.34037399291992,18.360610961914062,4.985965251922607,0.3449687659740448,4.5674614906311035,2.7868740558624268,8.680154800415039,-1.9756834506988525,8.144718170166016,3.520615577697754,5.384739875793457,-2.4321789741516113,3.863330841064453,1.0878900289535522,2.5110204219818115,-0.9004009962081909,0.9795141816139221]",,0,,,2021,0.6,0.7,0.75,0.25,0.01,,,,,
e16b986e-d148-41ed-b072-72a9006e03e9,Starboy,The Weeknd/Daft Punk,27cdf5a8-8981-4df6-b6b8-88e13ad806ba,,,https://yaysfbsmvtyqpbfhxstj.supabase.co/storage/v1/object/public/songs/Starboy.mp3?,2025-03-19 17:31:49.96255+00,https://yaysfbsmvtyqpbfhxstj.supabase.co/storage/v1/object/public/images/Starboy.jpg?,4578c19b-cf24-414f-af8d-a61ca0177a64,r&b,,,false,,92.28515625,"[0.5130904912948608,0.3913528025150299,0.4233100414276123,0.3308321535587311,0.4344232678413391,0.3407008647918701,0.35408371686935425,0.5040673017501831,0.5382479429244995,0.6150490045547485,0.470470666885376,0.5079690217971802]",1879.409362,2376.315804,"[23.45353510268489,15.498082992813304,18.555313882850836,17.89521464778938,18.805580718222572,18.768576220081933,45.80055624736299]",0.011439685,0.051319909,0.334153891,"[-80.36834716796875,101.83523559570312,9.926129341125488,25.559141159057617,12.151016235351562,8.811452865600586,10.343111038208008,5.438783168792725,-3.6930384635925293,10.693331718444824,2.207984447479248,-0.3914603888988495,3.0387766361236572,3.9818336963653564,1.731710433959961,4.82410192489624,-1.2417033910751343,3.8166637420654297,-2.326453685760498,5.330502986907959]",,0,746037e8-0c1a-4da2-bf19-1a01673adb78,,2020,0.65,0.45,0.7,0.15,0.05,,,,,
e16eacdb-881a-402d-9fea-182b9cebdc2e,Muskaanein Jhooti Hai,Suman Sridhar,27cdf5a8-8981-4df6-b6b8-88e13ad806ba,,,https://yaysfbsmvtyqpbfhxstj.supabase.co/storage/v1/object/public/songs/Muskaanein_Jhooti_Hai.mp3?,2025-03-19 17:31:49.96255+00,https://yaysfbsmvtyqpbfhxstj.supabase.co/storage/v1/object/public/images/Muskaanein_Jhooti_Hai.jpg?,4353683d-88aa-4e09-9aea-3c9b6ed0deb1,pop,,,false,,117.4538352,"[0.3401888310909271,0.32874205708503723,0.3544922471046448,0.4625876545906067,0.3123055398464203,0.24167710542678833,0.2816169857978821,0.31253689527511597,0.38751935958862305,0.32829007506370544,0.3965228497982025,0.40701255202293396]",2121.985597,2647.885716,"[25.801017144226357,17.926096751029426,21.414055329512525,20.753172037579702,18.44778182657861,16.870463051060565,45.92199468794323]",0.017191794,0.069720937,0.194679841,"[-127.39592742919922,95.7757797241211,36.75390625,19.667699813842773,6.646498203277588,6.6059041023254395,3.3213984966278076,0.44080764055252075,-2.223978042602539,2.6411736011505127,-6.430805683135986,-0.8825433850288391,-0.49612805247306824,1.054948091506958,-1.1951160430908203,1.149903416633606,-1.8062621355056763,0.5061209201812744,-2.5323400497436523,-0.7637794613838196]",,0,746037e8-0c1a-4da2-bf19-1a01673adb78,,2020,0.7,0.6,0.7,0.2,0.05,,,,,
e253c398-3711-49a9-87d0-e81ba74f7bad,I Can’t Get Enough,"benny blanco, Selena Gomez, J Balvin, Tainy",,,,https://resonance-bucket-1.s3.us-east-005.backblazeb2.com/songs/I+Can%E2%80%99t+Get+Enough.mp3,2025-05-01 03:00:28.745982+00,https://resonance-bucket-1.s3.us-east-005.backblazeb2.com/images/I+Can%E2%80%99t+Get+Enough.jpg,6d58d679-aa95-4756-875a-c4ed124890dc,,,,false,,,,,,,,,,,,0,9fc41d15-f0aa-42ad-9c64-39495adee508,,,,,,,,,,,,
e36079d4-34b6-4369-8227-ad43bec8b2f2,8AM in Charlotte,Drake,,,,,2025-06-29 09:13:16.401982+00,https://upload.wikimedia.org/wikipedia/en/For_All_the_Dogs.jpg,86efb7f8-23ed-41ed-9c9d-6af20b4530ef,,,,false,,,,,,,,,,,,0,,,,,,,,,,,,,
e3cea85d-68b3-449b-9a4e-de23e4d6e7bd,Yesterday - Remastered 2009,The Beatles,37be7979-1f2c-4001-9a57-b951b79778d6,7500,18,https://yaysfbsmvtyqpbfhxstj.supabase.co/storage/v1/object/public/songs/Yesterday%20-%20Remastered%202009.mp3,2025-01-16 08:34:10.468363+00,https://yaysfbsmvtyqpbfhxstj.supabase.co/storage/v1/object/public/images/Yesterday%20-%20Remastered%202009.jpg,c52d2d83-a3ef-4d13-abf6-72175632c57d,"british invasion,classic rock,merseybeat,psychedelic rock,rock",,,false,,95.703125,"[0.26408201456069946,0.19105729460716248,0.2377949357032776,0.1896815001964569,0.3096170127391815,0.41222596168518066,0.23934093117713928,0.2178337424993515,0.20668935775756836,0.3200203478336334,0.18577897548675537,0.15862134099006653]",1737.400935,2028.319438,"[18.92497340710976,19.423513176872813,21.74846458548455,20.387393458298057,20.681650218108672,21.557309714796446,51.047481713786595]",0.0258324,0.067562972,0.114530116,"[-174.58651733398438,109.0365982055664,-2.98180890083313,36.184974670410156,2.383451223373413,-1.0861362218856812,-3.6737020015716553,2.6122751235961914,-14.105956077575684,2.6446826457977295,-8.215731620788574,0.2393423318862915,-6.411330223083496,-8.158967971801758,-5.101978778839111,-2.4859774112701416,-8.958673477172852,-1.364141583442688,-8.330582618713379,-3.1288866996765137]",,0,42a848b5-fae8-4038-849f-b38b72aa545c,,2020,0.7,0.6,0.7,0.2,0.05,,,,,
e46b9d99-fa26-4e97-9623-b2786e2935cc,Have You Ever Seen The Rain,Creedence Clearwater Revival,37be7979-1f2c-4001-9a57-b951b79778d6,16620,16,https://yaysfbsmvtyqpbfhxstj.supabase.co/storage/v1/object/public/songs/Have%20You%20Ever%20Seen%20The%20Rain.mp3,2025-01-16 08:34:10.468363+00,https://yaysfbsmvtyqpbfhxstj.supabase.co/storage/v1/object/public/images/Have%20You%20Ever%20Seen%20The%20Rain.jpg,7f85af31-6d06-4532-9811-ed87a8f0267b,"album rock,classic rock,country rock,mellow gold,rock,southern rock,swamp rock",,,false,,117.4538352,"[0.4124152958393097,0.31650128960609436,0.32725682854652405,0.3062785267829895,0.43323397636413574,0.4068915545940399,0.36765894293785095,0.5497920513153076,0.3424009084701538,0.27338558435440063,0.24528852105140686,0.3086512088775635]",2480.775771,2580.005128,"[21.626473253683695,16.706504689304065,18.584073678081086,18.75754698945962,19.539701044424643,17.76493128910772,45.888974121197606]",0.038779676,0.1051676,0.159701347,"[-108.80826568603516,79.83758544921875,0.2724245488643646,20.47218894958496,5.395603179931641,12.379316329956055,-2.126121997833252,-0.018168393522500992,-0.5874493718147278,0.48639100790023804,-1.3805171251296997,6.154363632202148,-5.396399974822998,-2.7154173851013184,-3.5111358165740967,-2.872485637664795,-7.665858268737793,-3.5349576473236084,-5.417546272277832,-0.0026129279285669327]",,0,42a848b5-fae8-4038-849f-b38b72aa545c,,2020,0.7,0.6,0.7,0.2,0.05,,,,,
e5b3b02c-baa3-49c6-a4d3-6929386d48c3,Every Breath You Take,The Police,37be7979-1f2c-4001-9a57-b951b79778d6,13680,27,https://yaysfbsmvtyqpbfhxstj.supabase.co/storage/v1/object/public/songs/Every%20Breath%20You%20Take.mp3,2025-01-16 08:34:10.468363+00,https://yaysfbsmvtyqpbfhxstj.supabase.co/storage/v1/object/public/images/Every%20Breath%20You%20Take.jpg,77b31f32-48f7-4c9d-a127-844f4a58badc,"album rock,classic rock,permanent wave,rock",,,false,,117.4538352,"[0.3126010000705719,0.4339275360107422,0.3539637625217438,0.38647013902664185,0.5689482092857361,0.4113674461841583,0.38862740993499756,0.2982918322086334,0.34930431842803955,0.40867888927459717,0.23606586456298828,0.2739611268043518]",1638.834586,2078.704071,"[22.762442840646806,15.931612625300433,19.03328539587841,18.199842857154117,18.135234638426745,17.78958794048774,47.33208131469337]",0.014949793,0.062585317,0.16418007,"[-123.74761962890625,124.70081329345703,9.411726951599121,32.85231018066406,9.249772071838379,11.590620994567871,-2.787400007247925,6.276666164398193,-5.112604141235352,2.4220950603485107,-1.8353108167648315,0.6512786149978638,-3.1703107357025146,-2.346505880355835,-2.224832534790039,0.1835491806268692,-4.908707618713379,-2.0478744506835938,-4.007184028625488,-2.53118896484375]",,0,42a848b5-fae8-4038-849f-b38b72aa545c,,2020,0.7,0.6,0.7,0.2,0.05,,,,,
e5e776f6-0faf-46d9-8737-a124cd442c1d,Krishna Sudama,Mahesh Hiremath,0e05fb8a-7a45-4c7f-9316-5a52975f4a93,23280,12,https://yaysfbsmvtyqpbfhxstj.supabase.co/storage/v1/object/public/songs/radhakrishn/Krishna%20Sudama.mp3,2025-01-11 09:50:07.79669+00,https://yaysfbsmvtyqpbfhxstj.supabase.co/storage/v1/object/public/songs/radhakrishn/images/Krishna%20Sudama.jpg,9bba5d54-aaa1-49d1-86f6-ac9b108ffe65,krishna,,,false,,143.5546875,"[0.3984702527523041,0.30797725915908813,0.3358483612537384,0.3274017572402954,0.42133811116218567,0.4050211012363434,0.41686901450157166,0.4409583806991577,0.33647412061691284,0.3692847490310669,0.29176169633865356,0.3804113268852234]",2538.467723,2763.953666,"[22.786478222496253,16.723348771722577,20.2050051353791,18.56025599946557,19.402983779416953,20.347209478321275,48.278320571326375]",0.020282533,0.098186194,0.16557762,"[-94.58013916015625,81.01908874511719,18.059682846069336,27.82505226135254,11.35053825378418,9.724377632141113,1.021512508392334,2.3331243991851807,-8.266714096069336,7.483813762664795,-3.7942447662353516,4.97149658203125,-1.3386614322662354,2.716984272003174,-3.476034641265869,0.2723679542541504,-4.550441741943359,1.993155837059021,-1.8930351734161377,-3.038801431655884]",,0,77634ddb-017e-4ea4-9c95-ee3127345dae,,2020,0.7,0.6,0.7,0.2,0.05,,,,,
e6144185-ca36-40b0-999b-48bb6006afe5,Deva Shree Ganesha,Agam Aggarwal/Siddharth Sharma/Shri Dhananjay Tiwari,0e05fb8a-7a45-4c7f-9316-5a52975f4a93,19860,18,https://yaysfbsmvtyqpbfhxstj.supabase.co/storage/v1/object/public/songs/radhakrishn/Deva%20Shree%20Ganesha.mp3,2025-01-11 09:50:07.79669+00,https://yaysfbsmvtyqpbfhxstj.supabase.co/storage/v1/object/public/songs/radhakrishn/images/Deva%20Shree%20Ganesha.jpg,19b0f17d-b017-4e86-8705-7dac5904c935,krishna,,,false,,78.30255682,"[0.4126776456832886,0.6237655282020569,0.4656967520713806,0.3349189758300781,0.2940167188644409,0.29472312331199646,0.27890920639038086,0.3129638433456421,0.4658188223838806,0.3214518427848816,0.26824429631233215,0.3374484181404114]",2372.607029,2483.593844,"[24.207029771628235,13.680161528254654,17.118426868525678,16.77504623866114,17.699174477822094,17.422477303804886,46.41585114298921]",0.043171272,0.108069588,0.170774832,"[-59.294071197509766,89.19853210449219,-7.3828582763671875,14.250618934631348,-4.486446380615234,5.877111911773682,-3.741985559463501,0.3842068612575531,-4.548806667327881,3.059755325317383,-4.659819602966309,1.5150516033172607,-2.6469075679779053,0.14055100083351135,-2.2501187324523926,0.5096203684806824,-5.160136699676514,0.3416086733341217,-4.6447434425354,-2.20780873298645]",,0,77634ddb-017e-4ea4-9c95-ee3127345dae,,2020,0.7,0.6,0.7,0.2,0.05,,,,,
e63dfe48-d763-424e-a5d0-7886ef47e1cb,Bones,Imagine Dragons,27cdf5a8-8981-4df6-b6b8-88e13ad806ba,,,https://yaysfbsmvtyqpbfhxstj.supabase.co/storage/v1/object/public/songs/Bones.mp3?,2025-03-19 17:31:49.96255+00,https://yaysfbsmvtyqpbfhxstj.supabase.co/storage/v1/object/public/images/Bones.jpg?,3726a1ed-f859-4bb3-93e3-b532a6e0a074,alternative rock,,,false,,112.3471467,"[0.43393591046333313,0.3644559383392334,0.35226699709892273,0.47411027550697327,0.43262699246406555,0.5450515151023865,0.3130670189857483,0.32596978545188904,0.34489706158638,0.39317697286605835,0.4668569564819336,0.3574022650718689]",2429.929771,2482.053434,"[21.643262926538604,15.531604452516445,19.018189960101374,18.026107010808595,18.15591635148453,17.05582312521733,47.36216583670899]",0.030295486,0.101032237,0.224595517,"[-74.14342498779297,79.37185668945312,-5.695883274078369,21.872541427612305,3.474838972091675,7.386908531188965,-8.604405403137207,6.001004219055176,-2.9044876098632812,2.1855032444000244,0.8805525898933411,1.4899632930755615,-0.7595887184143066,1.7108837366104126,-0.7581070065498352,1.2593485116958618,-5.74493932723999,-1.8357629776000977,-3.201179027557373,0.3281063437461853]",,0,746037e8-0c1a-4da2-bf19-1a01673adb78,,2018,0.8,0.6,0.65,0.1,0.02,,,,,
e6662318-2d52-4877-9375-d0357b9c7695,Faith,The Weekend,56dbced7-3584-44fc-85a8-3b08f6e1a382,13500,1,https://yaysfbsmvtyqpbfhxstj.supabase.co/storage/v1/object/public/songs/Faith.mp3,2024-12-01 16:54:35.808061+00,,7a21a686-3cea-4980-bf48-f5bdbe8899b7,r&b,,,false,,89.10290948,"[0.46811628341674805,0.27512887120246887,0.3631283938884735,0.37801191210746765,0.28614577651023865,0.4092709720134735,0.3190537095069885,0.5363067388534546,0.3812222480773926,0.33516764640808105,0.46181195974349976,0.34891247749328613]",1770.743865,1942.491379,"[21.799905944013936,16.129027851411003,18.597487087035248,17.720497545186586,18.25681208713645,21.25805769690137,47.66804476892985]",0.011548537,0.074526099,0.084430717,"[-181.58621215820312,118.76811218261719,-13.667852401733398,11.75969123840332,1.9487659931182861,-1.5899683237075806,2.674427032470703,-0.5264005064964294,-10.989160537719727,4.665295124053955,-7.758346080780029,-1.34894859790802,-5.387972354888916,1.5668185949325562,-5.299619197845459,1.5772396326065063,-1.9381736516952515,0.7412811517715454,-2.7870614528656006,5.166340351104736]",,0,,,2020,0.65,0.45,0.7,0.15,0.05,,,,,
e7e60037-0339-4053-b7c0-715be6a881ad,I Bet My Life - Demo,Imagine Dragons,bc3edb05-3f78-45f4-a0fa-288131b62571,,,https://yaysfbsmvtyqpbfhxstj.supabase.co/storage/v1/object/public/songs/I Bet My Life - Demo.mp3?,2025-03-18 13:55:13.037066+00,https://yaysfbsmvtyqpbfhxstj.supabase.co/storage/v1/object/public/images/I Bet My Life - Demo.jpg?,81a95a39-56b0-4da0-913c-8b7a569e2853,alternative rock,,,false,,107.6660156,"[0.402381032705307,0.5278485417366028,0.29541876912117004,0.33543482422828674,0.3805776536464691,0.47951963543891907,0.34785833954811096,0.3624560534954071,0.5470026731491089,0.32973799109458923,0.28588682413101196,0.2412206381559372]",1862.991322,2256.771437,"[18.084059590721022,17.117488452616993,19.619570685491617,19.39530729759904,19.438570504244392,18.147349072298976,47.857440009858074]",0.023856647,0.076484694,0.256888509,"[-59.55196762084961,108.99131774902344,3.4047625064849854,20.90746307373047,8.97270393371582,10.728769302368164,-1.7996447086334229,6.206827163696289,-1.5594346523284912,5.347032070159912,-6.791567802429199,-1.2294846773147583,-7.513659477233887,-4.093663215637207,-5.115417957305908,2.3932442665100098,-5.699107646942139,-1.2427685260772705,-1.8856892585754395,-2.691448211669922]",,0,,,2018,0.8,0.6,0.65,0.1,0.02,,,,,
e8c19bb8-35d2-439e-9977-697833a05333,Krishna Ki Chetavani (Rashmirathi),Madhavas Rock Band,0e05fb8a-7a45-4c7f-9316-5a52975f4a93,17220,13,https://yaysfbsmvtyqpbfhxstj.supabase.co/storage/v1/object/public/songs/radhakrishn/Krishna%20Ki%20Chetavani%20(Rashmirathi).mp3,2025-01-11 09:50:07.79669+00,https://yaysfbsmvtyqpbfhxstj.supabase.co/storage/v1/object/public/songs/radhakrishn/images/Krishna%20Ki%20Chetavani%20(Rashmirathi).jpg,e70346d6-0c2f-4c0c-af72-b7f220e30ec7,krishna,,,false,,143.5546875,"[0.4103453457355499,0.34911373257637024,0.38188451528549194,0.38088077306747437,0.4800017178058624,0.4305116832256317,0.41534844040870667,0.4577539265155792,0.4778324067592621,0.5415411591529846,0.4424377679824829,0.45670783519744873]",2552.786293,2681.867483,"[19.33945810645714,14.71557119108347,18.222863358862455,17.336828218082772,18.118360403898414,18.781720585812764,47.394159973933135]",0.026233101,0.093877863,0.182139814,"[-81.25040435791016,79.75509643554688,3.4192585945129395,20.90382957458496,8.724291801452637,6.579524993896484,1.311485767364502,9.513764381408691,-5.284796237945557,8.290372848510742,1.6567089557647705,-0.4140147566795349,0.28070005774497986,4.269257545471191,-0.38298898935317993,6.303082466125488,-2.5862979888916016,4.275660991668701,0.7649510502815247,1.1644309759140015]",,0,77634ddb-017e-4ea4-9c95-ee3127345dae,,2020,0.7,0.6,0.7,0.2,0.05,,,,,
ebef495a-00ba-4250-8c5d-e62b5a926e19,Breathe (In the Air),Pink Floyd,37be7979-1f2c-4001-9a57-b951b79778d6,9960,22,https://yaysfbsmvtyqpbfhxstj.supabase.co/storage/v1/object/public/songs/Breathe%20(In%20the%20Air).mp3,2025-01-16 08:34:10.468363+00,https://yaysfbsmvtyqpbfhxstj.supabase.co/storage/v1/object/public/images/Breathe%20(In%20the%20Air).jpg,05de20f5-2e0d-4d4b-ba8d-854d03115d5e,"album rock,art rock,classic rock,progressive rock,psychedelic rock,rock,symphonic rock",,,false,,129.1992188,"[0.31616735458374023,0.3441416025161743,0.3081749975681305,0.31285810470581055,0.44474804401397705,0.3116453289985657,0.32714346051216125,0.32346388697624207,0.31679850816726685,0.3904125392436981,0.2894447445869446,0.4093566834926605]",1422.931785,2030.247756,"[24.396534142299853,15.696002477514346,20.33474590767044,21.76479730942817,23.016192330626286,18.35522381145006,46.88127877118308]",0.003125278,0.059255081,0.10286665,"[-178.95828247070312,135.7117462158203,6.413122653961182,10.496623039245605,18.45441436767578,9.965219497680664,-3.410381317138672,5.665316104888916,0.612181544303894,5.3552422523498535,-0.7002704739570618,1.1644673347473145,-6.241508960723877,2.5446557998657227,1.9780179262161255,2.189619302749634,-8.091064453125,-1.4087345600128174,-3.233893394470215,1.5051125288009644]",,0,42a848b5-fae8-4038-849f-b38b72aa545c,,2020,0.7,0.6,0.7,0.2,0.05,,,,,
ec007bb7-466c-48ff-8018-0d10fe97bc02,Lipstick Traces - 2007 Remaster,UFO,37be7979-1f2c-4001-9a57-b951b79778d6,8460,17,https://yaysfbsmvtyqpbfhxstj.supabase.co/storage/v1/object/public/songs/Lipstick%20Traces%20-%202007%20Remaster.mp3,2025-01-16 08:34:10.468363+00,https://yaysfbsmvtyqpbfhxstj.supabase.co/storage/v1/object/public/images/Lipstick%20Traces%20-%202007%20Remaster.jpg,057b4eea-c152-4248-9044-52486e107407,"album rock,glam metal,hard rock,metal,progressive rock",,,false,,161.4990234,"[0.30520838499069214,0.2936355769634247,0.34581682085990906,0.3933183550834656,0.4644181728363037,0.2828766107559204,0.26256710290908813,0.35141587257385254,0.37725478410720825,0.45561251044273376,0.270532488822937,0.3045353591442108]",1941.056931,2282.748724,"[20.294131607404992,16.561993287917215,20.870259589497465,20.424012931531763,21.477059966578768,20.399440802353148,50.73096075544569]",0.018071499,0.085452917,0.167325467,"[-122.22776794433594,101.69434356689453,-4.234220504760742,27.355674743652344,17.545995712280273,13.886773109436035,-5.431009769439697,8.014416694641113,-4.506134510040283,6.8173909187316895,-5.590050220489502,2.2276651859283447,1.0669565200805664,0.33218440413475037,-1.2015506029129028,1.8276281356811523,-0.7701479196548462,6.602939128875732,-4.768790245056152,-1.26435124874115]",,0,42a848b5-fae8-4038-849f-b38b72aa545c,,2020,0.7,0.6,0.7,0.2,0.05,,,,,
ed14a8a4-cddd-49c5-ab7a-c76141800c2d,Belladonna - 2007 Remaster,UFO,37be7979-1f2c-4001-9a57-b951b79778d6,16320,5,https://yaysfbsmvtyqpbfhxstj.supabase.co/storage/v1/object/public/songs/Belladonna%20-%202007%20Remaster.mp3,2025-01-16 08:34:10.468363+00,https://yaysfbsmvtyqpbfhxstj.supabase.co/storage/v1/object/public/images/Belladonna%20-%202007%20Remaster.jpg,22c9cb13-b6fe-40ce-8fc0-bd66476bc711,"album rock,glam metal,hard rock,metal,progressive rock",,,false,,129.1992188,"[0.4330347776412964,0.330714613199234,0.4228294789791107,0.3384019732475281,0.44897401332855225,0.2824924886226654,0.25341787934303284,0.3912180960178375,0.3242826461791992,0.4368283152580261,0.30891358852386475,0.42302268743515015]",2042.006989,2036.529588,"[27.786466232572106,19.02028227130461,21.931142406257873,21.65549309208255,21.52069523547124,23.31138018812273,51.74891587047264]",0.012167982,0.113613993,0.14614439,"[-115.89848327636719,101.84700775146484,-21.245758056640625,40.790199279785156,0.5351661443710327,9.256402015686035,3.3006625175476074,4.35622501373291,-0.8571243286132812,5.144066333770752,-10.00186824798584,3.5405054092407227,-4.986677169799805,0.5803163051605225,-3.010237455368042,-2.7387449741363525,-10.626823425292969,-1.3956366777420044,-6.834234714508057,-2.5765249729156494]",,0,42a848b5-fae8-4038-849f-b38b72aa545c,,2020,0.7,0.6,0.7,0.2,0.05,,,,,
ede106eb-3dd7-40bc-a45a-80e49a904737,We Know The Way (Te Fenua te Malie),"Opetaia Foa'i, Lin-Manuel Miranda",6fc7a1e8-41f9-4e37-8ea5-6e0b2d8d4a74,5280,2,https://yaysfbsmvtyqpbfhxstj.supabase.co/storage/v1/object/public/songs/We%20Know%20The%20Way%20(Te%20Fenua%20te%20Malie).mp3,2024-12-15 05:20:57.232808+00,https://i.scdn.co/image/ab67616d0000b273698bb775a94f5debe0efc833,4d5d45ac-5d2a-4487-ae05-f9d128fe0185,pop,,,false,,99.38401442,"[0.3150443434715271,0.29187968373298645,0.22516848146915436,0.37702691555023193,0.4466627240180969,0.28122007846832275,0.28399568796157837,0.25155317783355713,0.3642060160636902,0.28869956731796265,0.2995815873146057,0.5512783527374268]",1684.730289,2120.06892,"[18.698209683053854,14.741294972021679,18.828825946222324,20.332317604133703,18.60789417207455,18.34974595011945,47.79964945235835]",0.019742513,0.070791675,0.252611607,"[-92.27667999267578,113.0159683227539,6.54424524307251,24.464826583862305,8.18329906463623,5.889711856842041,5.375947952270508,4.364383697509766,0.057345472276210785,4.836541652679443,-6.369376182556152,2.202455520629883,-1.892591118812561,2.129455327987671,-1.6930208206176758,1.119365930557251,-4.08470344543457,-2.933436155319214,-5.876638412475586,0.0788072794675827]",,0,,,2020,0.7,0.6,0.7,0.2,0.05,,,,,
ee1201fc-4d9a-4a73-9aed-3f1dae934d69,First Person Shooter (feat. J.Â Cole),Drake & J.Â Cole,,,,,2025-06-29 09:13:16.401982+00,https://upload.wikimedia.org/wikipedia/en/First_Person_Shooter.jpg,70e11598-2e61-4c18-9812-4aa0eff25ae1,,,,false,,,,,,,,,,,,0,,,,,,,,,,,,,
eed4df8e-af53-472e-90b8-ad4fb18c2244,Big in Japan,Alphaville,37be7979-1f2c-4001-9a57-b951b79778d6,14280,26,https://yaysfbsmvtyqpbfhxstj.supabase.co/storage/v1/object/public/songs/Big%20in%20Japan.mp3,2025-01-16 08:34:10.468363+00,https://yaysfbsmvtyqpbfhxstj.supabase.co/storage/v1/object/public/images/Big%20in%20Japan.jpg,6dc9ff1b-91cf-4ade-a10d-1be171e5d38b,"new romantic,new wave pop,synthpop",,,false,,95.703125,"[0.3405532240867615,0.4402128756046295,0.36272794008255005,0.5152711868286133,0.45992374420166016,0.3268711566925049,0.40178248286247253,0.421723335981369,0.5798507928848267,0.4606184959411621,0.407015323638916,0.3818701207637787]",2209.757127,2401.65571,"[20.634133253516893,15.450845360371767,17.88603588501446,18.357828667104464,18.21389268786714,18.24389144431761,47.46631413649369]",0.01955336,0.089631261,0.063302599,"[-188.64364624023438,96.67489624023438,0.23626753687858582,31.572267532348633,6.319993495941162,14.956668853759766,5.89351224899292,7.521998405456543,-2.690136671066284,7.263381481170654,-0.06963428109884262,3.937319278717041,2.320173501968384,-0.6455790996551514,-0.622046947479248,2.9567008018493652,-4.959725856781006,-0.1390300989151001,-2.5084168910980225,-2.1873743534088135]",,0,42a848b5-fae8-4038-849f-b38b72aa545c,,2020,0.7,0.6,0.7,0.2,0.05,,,,,
ef09f5e8-358a-4f4d-9907-31adc8899913,Imagine - Remastered 2010,John Lennon,37be7979-1f2c-4001-9a57-b951b79778d6,12240,28,https://yaysfbsmvtyqpbfhxstj.supabase.co/storage/v1/object/public/songs/Imagine%20-%20Remastered%202010.mp3,2025-01-16 08:34:10.468363+00,https://yaysfbsmvtyqpbfhxstj.supabase.co/storage/v1/object/public/images/Imagine%20-%20Remastered%202010.jpg,6ffc326b-3087-4e6c-8675-5eb29fe7cf4e,"classic rock,rock",,,false,,75.99954044,"[0.5096369385719299,0.2678445875644684,0.26583603024482727,0.22523127496242523,0.3461238741874695,0.29537445306777954,0.2476816177368164,0.35873129963874817,0.23108698427677155,0.23420582711696625,0.17560996115207672,0.3471110761165619]",991.1915421,1399.704589,"[18.022448950776283,15.72837006083543,19.002715100176115,18.493215356065974,18.751398602030882,17.947850933342348,44.700719601904545]",0.110476352,0.040468608,0.109657966,"[-228.3121337890625,146.4412841796875,2.6735048294067383,13.826030731201172,3.97814679145813,9.559880256652832,0.530842125415802,1.3929946422576904,-9.228304862976074,-0.48369529843330383,-2.4082741737365723,-1.4259819984436035,-3.480973243713379,-3.6318671703338623,-6.378739356994629,-2.0684592723846436,-5.663421630859375,-1.4462143182754517,-7.356649875640869,-2.6067850589752197]",,0,42a848b5-fae8-4038-849f-b38b72aa545c,,2020,0.7,0.6,0.7,0.2,0.05,,,,,
f05b43df-9c6b-416c-a140-6c3f1f0c21a7,title,artist,,,,,2025-06-29 09:13:16.401982+00,image_url,8955a7b1-e968-4728-8126-e42a399842e9,,,,false,,,,,,,,,,,,0,,,,,,,,,,,,,
f0fc9123-1b06-4253-af64-17bcf9f7ddae,Tum Hi Tum (Radha Krishna) - Reprise Version,Vinay Katoch/Siddharth Sharma,0e05fb8a-7a45-4c7f-9316-5a52975f4a93,28080,1,https://yaysfbsmvtyqpbfhxstj.supabase.co/storage/v1/object/public/songs/radhakrishn/Tum%20Hi%20Tum%20(Radha%20Krishna)%20-%20Reprise%20Version.mp3,2025-01-11 09:50:07.79669+00,https://yaysfbsmvtyqpbfhxstj.supabase.co/storage/v1/object/public/songs/radhakrishn/images/Tum%20Hi%20Tum%20(Radha%20Krishna)%20-%20Reprise%20Version.jpg,debb1379-869b-451b-9e74-234a23d33cff,krishna,,"Tum hi mera Prem, Radhe tum mere vishwas mein
Dekhta hoon tumko mai, Har pal hriday ke paas mein
Tum hi mera Prem, Radhe tum mere vishwas mein
Dekhta hoon tumko mai, Har pal hriday ke paas mein
Tum Meri bansi ki dhun mein, Tum meri har shvaas mein
Radhe Hey Radhe
Tum hi tum ho mujh mein, hey Radhe
Hey Radhe, Hey Radhe
Tum hi tum ho mujh mein, hey Radhe

Main hoon Yamuna ka kinara, Tum leher ho Radhe
Bhor main tum bhor ka pehla prahar ho Radhe
Hey radhey
Main hoon Yamuna ka kinara, Tum leher ho Radhe
Bhor main tum bhor ka pehla prahar ho Radhe
Ban kar soorya main chamkoon gagan pe
Toh Kiran tum ho
Mera mann magan jisme rahe bass woh lagan tum ho
Mujhse zyada tum ho mere hone ke aabhaas mein
Rang saare hain tumhare mere baarah maans mein

Tum Meri bansi ki dhun mein, Tum meri har shvaas mein
Radhe Hey Radhe
Tum hi tum ho mujh mein, hey Radhe
Hey Radhe, Hey Radhe
Tum hi tum ho mujh mein, hey Radhe

Prem Nagari jaaye jo woh Prem path ho Kaanha
Prem jiska saarthi hai, tum woh rath ho Kaanha
O Kaanha
Prem Nagari jaaye jo woh Prem path ho Kaanha
Prem jiska saarthi hai, tum woh rath ho Kaanha
Hazaaron prem ke hain baan in naino ke tarkash mein
Mujhe yun prem se dekha ke tumne Karliya vash mein
Aatma ko le gaye Tum prem ke maha Raas mein
Prem amrit banke barse birah ke banvaas mein
Tumko pakar bhi hun main Tumse Milan ki aas mein
Kaanha O Kaanha
Tum hi tum Ho Mujh mein o Kaanha
O Kaanha, O Kaanha
Tum hi tum Ho Mujh mein o Kaanha

O re Kaanha mujhse door na jaana
Mere Krishn Murari, Mere Baanke Bihari
Ek hain jab dono kaisa bichadna
Meri Radhe pyari, Meri Shyama Pyari
To pe jaayein saari Gopin vaari vaari
Moko bhaaye more Radhe pyaari
Radhe ke the Radhe ke hi rahenge ye Krishn Murari
O Kaanha, O Kaanha
Tum hi tum Ho Mujh mein o Kaanh",false,,107.6660156,"[0.19406333565711975,0.1928839385509491,0.13712570071220398,0.2655411958694458,0.4152885973453522,0.22024916112422943,0.2710321247577667,0.19143667817115784,0.3307322561740875,0.20996364951133728,0.19090506434440613,0.3849676251411438]",1596.410722,2146.121726,"[19.97234611619277,18.056410057618614,21.899682345340626,21.96370434591526,20.57555346674319,21.42159192538653,48.395565708983746]",0.004526065,0.061872469,0.141741425,"[-159.93666076660156,122.84412384033203,14.497936248779297,17.57208251953125,4.752048969268799,-0.051571596413850784,-6.595539093017578,-1.402475357055664,-8.681831359863281,1.559536099433899,-9.285469055175781,-1.4094784259796143,-9.983158111572266,-0.5416809320449829,-0.4043351113796234,-2.685154914855957,-2.5564005374908447,-0.23233075439929962,-2.5258939266204834,-1.720885157585144]",,0,77634ddb-017e-4ea4-9c95-ee3127345dae,,2020,0.7,0.6,0.7,0.2,0.05,,,,,
f21d2d78-a74e-4d6f-8e14-353b6c9ca64d,I Get Carried Away - Demo,Imagine Dragons,bc3edb05-3f78-45f4-a0fa-288131b62571,,,https://yaysfbsmvtyqpbfhxstj.supabase.co/storage/v1/object/public/songs/I Get Carried Away - Demo.mp3?,2025-03-18 13:55:13.037066+00,https://yaysfbsmvtyqpbfhxstj.supabase.co/storage/v1/object/public/images/I Get Carried Away - Demo.jpg?,3afa2597-18cf-44fc-aa4a-5d1a750476c1,alternative rock,,,false,,92.28515625,"[0.45941808819770813,0.4609242379665375,0.42167919874191284,0.37897488474845886,0.31599161028862,0.31440573930740356,0.422207772731781,0.426570326089859,0.3910719156265259,0.35810860991477966,0.3108067512512207,0.3269328474998474]",2792.49222,2568.56567,"[22.3470170908275,17.58069333115796,20.514306779048926,18.62701740804871,18.072179720161003,17.050553840920305,46.30034705564647]",0.044311143,0.10506652,0.226181865,"[-88.45484924316406,58.200950622558594,4.030296325683594,19.5567569732666,-0.049669668078422546,9.631014823913574,-6.50152063369751,2.647188425064087,-3.613142967224121,-0.4046630561351776,-0.726404070854187,8.260438919067383,2.540562152862549,6.106574535369873,0.08038900792598724,0.04603036865592003,-1.3137600421905518,8.998735427856445,6.106620788574219,5.780001640319824]",,0,,,2018,0.8,0.6,0.65,0.1,0.02,,,,,
f243a6b3-c451-4908-9f8c-2af64250aa8f,"Take Me Home, Country Roads - Original Version",John Denver,37be7979-1f2c-4001-9a57-b951b79778d6,11700,11,"https://yaysfbsmvtyqpbfhxstj.supabase.co/storage/v1/object/public/songs/Take%20Me%20Home,%20Country%20Roads%20-%20Original%20Version.mp3",2025-01-16 08:34:10.468363+00,"https://yaysfbsmvtyqpbfhxstj.supabase.co/storage/v1/object/public/images/Take%20Me%20Home,%20Country%20Roads%20-%20Original%20Version.jpg",c67e43eb-df3d-45b7-a8bb-58647f87ecb8,"classic country pop,folk,folk rock,mellow gold,singer-songwriter,soft rock",,,false,,161.4990234,"[0.23829825222492218,0.33243510127067566,0.17618687450885773,0.22211602330207825,0.44203126430511475,0.2707507014274597,0.277742475271225,0.19378995895385742,0.35705268383026123,0.48145222663879395,0.2774873971939087,0.3503836989402771]",2086.017208,2079.419472,"[24.912024855845072,16.85991422732775,21.21456405260057,21.00852732103375,19.636641682853238,20.97719568061891,49.660302258606144]",0.041493274,0.105053337,0.125333712,"[-120.467529296875,93.80963134765625,-19.61980628967285,33.736820220947266,-13.10348129272461,-0.7540490031242371,-3.2179055213928223,-3.5630812644958496,-10.971118927001953,-0.47490671277046204,-12.416189193725586,-2.954580783843994,-10.015397071838379,-7.480479717254639,-5.334333896636963,-4.795549392700195,-11.474079132080078,-0.21957290172576904,-11.801833152770996,-6.34895133972168]",,0,42a848b5-fae8-4038-849f-b38b72aa545c,,2020,0.7,0.6,0.7,0.2,0.05,,,,,
f3822287-af86-4e82-89e1-3246b9a31e1c,Slime You Out (feat. SZA),Drake,,,,,2025-06-29 09:13:16.401982+00,https://upload.wikimedia.org/wikipedia/en/For_All_the_Dogs.jpg,4117ed1f-3589-4120-8446-5eef80a22c1d,,,,false,,,,,,,,,,,,0,,,,,,,,,,,,,
f6feecdf-8885-479b-a483-7785018b72d9,Eyes Without A Face,Billy Idol,37be7979-1f2c-4001-9a57-b951b79778d6,17640,6,https://yaysfbsmvtyqpbfhxstj.supabase.co/storage/v1/object/public/songs/Eyes%20Without%20A%20Face.mp3,2025-01-16 08:34:10.468363+00,https://yaysfbsmvtyqpbfhxstj.supabase.co/storage/v1/object/public/images/Eyes%20Without%20A%20Face.jpg,73e6e219-361b-4d72-9831-0430a17c1932,"album rock,classic rock,dance rock,hard rock,new romantic,new wave,new wave pop,rock,soft rock",,,false,,112.3471467,"[0.34372925758361816,0.38491109013557434,0.4137287139892578,0.5329353213310242,0.5089865326881409,0.36203381419181824,0.4234711229801178,0.3704177737236023,0.5096364617347717,0.38321349024772644,0.34197038412094116,0.4650570750236511]",2535.707417,2594.741951,"[23.7082050972904,15.432245933857763,19.765598057523864,18.973195851332694,18.216514121724142,17.977877785717073,46.387686125293]",0.028733872,0.105680504,0.069869488,"[-152.90855407714844,78.00257873535156,0.38058242201805115,32.0346565246582,2.04841947555542,8.023667335510254,1.7706512212753296,3.8676013946533203,-2.807237386703491,7.731832981109619,-1.5919759273529053,2.0296268463134766,-5.523314952850342,-1.8230289220809937,-4.012037754058838,0.7476076483726501,-2.8518784046173096,0.5946028828620911,-4.362100601196289,-0.7614333033561707]",,0,42a848b5-fae8-4038-849f-b38b72aa545c,,2020,0.7,0.6,0.7,0.2,0.05,,,,,
fa3b735d-773f-4892-9d69-a46c4cadd153,Jo Tum Mere Ho,Anuv Jain,37be7979-1f2c-4001-9a57-b951b79778d6,15420,32,https://yaysfbsmvtyqpbfhxstj.supabase.co/storage/v1/object/public/songs/Jo%20Tum%20Mere%20Ho.mp3,2025-01-16 08:34:10.468363+00,https://yaysfbsmvtyqpbfhxstj.supabase.co/storage/v1/object/public/images/Jo%20Tum%20Mere%20Ho.jpg,6e621268-736f-4e35-aaf2-5e6b5928f6a8,"desi pop,hindi indie,indian indie,indian singer-songwriter",,"[00:01.10] Hairaan hoon ki kuch bhi na maangoon kabhi main
[00:07.76] Jo tum mere ho
[00:13.49] Aisa ho kyun ki lagta hai haasil sabhi hai
[00:20.07] Jo tum mere ho
[00:39.40] Jo tum mere ho
[00:44.34] To main kuch nahin maangoon duniya se
[00:49.90] Aur tum ho hi nahin
[00:54.71] To main jeena nahin chaahoon duniya mein
[00:59.89] Aur nazron mein mere
[01:04.91] Ik jahaan hai jahaan tu aur main ab saath hain
[01:10.23] Aur wahaan koyi nahin
[01:14.61] Tu aur main hi, haaye
[01:20.33] Aur aaoge, aise aaoge
[01:25.65] Teri-meri kya ye raahein yoon judi hain?
[01:30.70] Aur raahon mein hi jo tum aaye kabhi
[01:36.12] Ham to pyaar se hi mar jaayeinge
[01:41.22] Aur aaoge, aise aaoge
[01:46.35] Teri-meri kya ye raahein yoon judi hain?
[01:51.32] Aur raahon mein hi jo tum aaye nahin
[01:56.86] Ham to phir bhi tumhein hi chaaheinge
[02:02.10] Jo tum mere ho
[02:06.89] To main kuch nahin maangoon duniya se
[02:22.45] Poochhe ye tu ki tujh mein main kya dekhta hoon
[02:27.88] Jab chaaron taraf aaj kitne hi saare nazaare hain
[02:32.79] Jaane na tu khud ko yoon na jaane kyun
[02:37.25] Nazron se meri yahaan dekho na khud ko zara
[02:42.14] Dekho na, dekho na
[02:43.74] Zulfon se, kaise zulfon se
[02:48.24] Teri chhupti pyaari-pyaari si muskaan hai
[02:53.24] Aur nazrein jhuki, aur nazrein uthi
[02:58.78] To main kya hi karoon, barbaad main
[03:03.74] Tere honthon ko, tere honthon ko
[03:08.81] Jinse rakhti mere pyaare-pyaare naam hain
[03:14.07] Aur dil ka tere, aur dil ka tere
[03:19.32] Ab main kya hi kahoon, kya baat hai
[03:24.52] Aur, haan, dekho yahaan
[03:29.44] Kaise aayi do dilon ki ye baaraat hai
[03:35.06] Par kya khula aasmaan
[03:39.67] Ya phir laayi yahaan zoron se barsaat hai?
[03:44.99] Chaahe hon chhaaye bhi baadal to
[03:50.38] Chaahein phir bhi tumhein, kya pata tum ko?
[03:55.32] Maangoon na kuch aur jo
[03:59.72] Tum mere ho
[04:04.59] ",false,,123.046875,"[0.3333533704280853,0.3292180299758911,0.2557138204574585,0.415081262588501,0.39105135202407837,0.21852245926856995,0.2697485089302063,0.2696937024593353,0.4138106107711792,0.35710659623146057,0.3361830711364746,0.47802549600601196]",1594.199868,2157.816538,"[27.4708693899845,19.95214652255851,22.327091384364824,20.22468379628248,20.30366957378312,20.363818471975055,47.98628393053984]",0.030066103,0.047510505,0.150590926,"[-159.938720703125,103.52521514892578,11.639907836914062,34.17290496826172,17.540361404418945,9.638069152832031,1.7180994749069214,5.415990829467773,-5.196560382843018,1.0189348459243774,-10.109804153442383,3.098264217376709,-7.5698323249816895,-2.3355677127838135,-4.275164604187012,-6.990044593811035,-5.412217617034912,-4.358747482299805,-13.487739562988281,-2.029735565185547]",,0,42a848b5-fae8-4038-849f-b38b72aa545c,,2020,0.7,0.6,0.7,0.2,0.05,,,,,
fa777e55-e57c-41bb-96fb-a1e249b48e7c,Stained,Selena Gomez,,,,https://resonance-bucket-1.s3.us-east-005.backblazeb2.com/songs/Stained.mp3,2025-05-01 03:00:28.745982+00,https://resonance-bucket-1.s3.us-east-005.backblazeb2.com/images/Stained.jpg,2de434d8-4d07-43b6-aab3-48e185a29fba,,,,false,,,,,,,,,,,,0,9fc41d15-f0aa-42ad-9c64-39495adee508,,,,,,,,,,,,
faba5427-2a5a-494d-b0dc-d2aea3379da8,Cruel Summer,Taylor Swift,,,,,2025-06-29 09:13:16.401982+00,https://upload.wikimedia.org/wikipedia/en/Lover.jpg,bb322f51-f9be-408f-861e-abb6e0dea216,,,,false,,,,,,,,,,,,0,02e7ac34-8382-4f1c-82e6-0c902f2046a9,,,,,,,,,,,,
faf5d77d-5bc9-4566-a301-c0199efa1042,Govind Bolo,Asees Kaur/Jaani,0e05fb8a-7a45-4c7f-9316-5a52975f4a93,15420,16,https://yaysfbsmvtyqpbfhxstj.supabase.co/storage/v1/object/public/songs/radhakrishn/Govind%20Bolo.mp3,2025-01-11 09:50:07.79669+00,https://yaysfbsmvtyqpbfhxstj.supabase.co/storage/v1/object/public/songs/radhakrishn/images/Govind%20Bolo.jpg,ed314c07-ba4a-459d-9697-0e2f1699eacc,krishna,,,false,,129.1992188,"[0.36044007539749146,0.3923075199127197,0.5149611830711365,0.35725051164627075,0.4001326262950897,0.3396280109882355,0.508256733417511,0.44662976264953613,0.4683854281902313,0.6326817274093628,0.47046220302581787,0.4529477655887604]",1989.683597,2455.645533,"[21.140450094506342,13.956020261160052,17.211144307107986,17.693363253328183,17.685543966247685,18.98963276939689,46.83255151743108]",0.023884166,0.064773942,0.306649387,"[-58.72488021850586,99.84708404541016,8.46098518371582,16.931745529174805,2.8420915603637695,5.801037788391113,3.059328079223633,1.769016981124878,-6.50111722946167,6.25083589553833,-3.042741537094116,5.171998500823975,-1.0942384004592896,0.009995498694479465,-1.1514942646026611,1.751616358757019,-2.6946237087249756,2.9131131172180176,-0.41121309995651245,2.2022171020507812]",,0,77634ddb-017e-4ea4-9c95-ee3127345dae,,2020,0.7,0.6,0.7,0.2,0.05,,,,,
fc662263-d45e-41cf-9c8a-25e03163d92d,Heartless,The Weekend,d5ae8b55-828e-4f4d-beec-d4db56eb19fd,13500,13,https://yaysfbsmvtyqpbfhxstj.supabase.co/storage/v1/object/public/songs/Heartless.mp3,2024-12-01 18:33:43.637226+00,,6f94ef20-80b4-49ea-b7e3-3812d6a934cf,r&b,,,false,,172.265625,"[0.4181024730205536,0.4374275207519531,0.43997853994369507,0.5477411150932312,0.46529799699783325,0.5086995363235474,0.5452484488487244,0.46746522188186646,0.5292693376541138,0.4560219645500183,0.5894636511802673,0.46802741289138794]",2141.946032,2525.00108,"[20.210647897352423,13.810856878577878,17.054825693244325,18.03396903669829,18.12707043842799,18.071809194200338,48.17590745246376]",0.015089453,0.075846551,0.203157187,"[-121.48993682861328,93.5958251953125,20.871885299682617,16.756731033325195,6.311343669891357,8.370443344116211,6.941835880279541,7.823930740356445,-0.33779266476631165,12.51938533782959,4.659386157989502,2.9933462142944336,-0.31211933493614197,6.687262535095215,-1.9170079231262207,5.80164098739624,3.323241949081421,5.914793014526367,-2.2796239852905273,3.7788403034210205]",,0,,,2020,0.65,0.45,0.7,0.15,0.05,,,,,
fc85fe2d-ff64-4601-b64a-d850d2d05bf3,SICKO MODE,Travis Scott,27cdf5a8-8981-4df6-b6b8-88e13ad806ba,,,https://yaysfbsmvtyqpbfhxstj.supabase.co/storage/v1/object/public/songs/SICKO_MODE.mp3?,2025-03-19 17:31:49.96255+00,https://yaysfbsmvtyqpbfhxstj.supabase.co/storage/v1/object/public/images/SICKO_MODE.jpg?,e7b922de-dbb8-413e-b5d0-ed01d4724128,pop,,"Astro, yeah
Sun is down, freezin' cold
That's how we already know winter's here
My dawg would prolly do it for a Louis belt
That's just all he know, he don't know nothin' else

I tried to show 'em, yeah

I tried to show 'em, yeah, yeah

Yeah, yeah, yeah

Gone on you with the pick and roll

Young LaFlame, he in sicko mode





Woo, made this here with all the ice on in the booth

At the gate outside, when they pull up, they get me loose

Yeah, Jump Out boys, that's Nike boys, hoppin' out coupes

This shit way too big, when we pull up give me the loot (gimme the loot!)

Was off the Remy, had to Papoose

Had to hit my old town to duck the news

Two-four hour on lockdown, we made no moves

Now it's 4AM and I'm back up poppin' with the crew

I just landed in, Chase B mixes pop like Jamba Juice

Different colored chains, think my jeweler really sellin' fruits

And they chokin', man, know the crackers wish it was a noose



Some-some-some, someone said

To win the retreat, we all in too deep

Playin' for keeps, don't play us for weak (Someone said)

To win the retreat, we all in too deep

P-p-playin' for keeps, don't play us for weak



This shit way too formal, y'all know I don't follow suit

Stacy Dash, most these of girls ain't got a clue

All of these hoes I made off records I produced

I might take all my exes and put 'em all in a group

Hit my eses, I need the booch

'Bout to turn this function to Bonnaroo

Told her ""hop in, you comin' too""

In the 305, bitches treat me like I'm Uncle Luke (don't stop, pop that pussy)

Had to slop the top off, it's just a roof

She said ""where we goin'?"" I said ""the moon""

We ain't even make it to the room

She thought it was the ocean, it's just the pool

Now I got her open, it's just the Goose

Who put this shit together? I'm the glue

(Someone said)

Shorty FaceTimed me out the blue



(Someone said)

To win the retreat, we all in too deep

Playin' for keeps, don't play us for weak (Someone said)

To win the retreat, we all in too deep

Playin' for keeps, don't play us for weak





Yeah

Astro

Yeah, yeah

Tay Keith, fuck these niggas up

Ay, ay



She's in love with who I am

Back in high school, I used to bust it to the dance (yeah)

Now I hit that epioo with duffles in my hands

I did half a Xan, thirteen hours 'til I land

Had me out like a light, ayy, yeah

Like a light, ayy, yeah

Like a light, ayy



Slept through the flight, ayy

Knocked for the night, ayy, 767, man

This shit got double bedroom, man

I still got scores to settle, man

I crept down the block (down the block)

Made a right (yeah, right)

Cut the lights (yeah, what?)

Paid the price (yeah)

Niggas think it's sweet (nah, nah)

It's on sight (yeah, what?)

Nothin' nice (yeah), baguettes in my ice (aww, man)

Jesus Christ (yeah), checks over stripes (yeah)

That's what I like (yeah), that's what we like (yeah)

Lost my respect, you not a threat

When I shoot my shot, that shit wetty like I'm Sheck (bitch!)

See the shots that I took (ayy), wet like I'm Book (ayy)

Wet like I'm Lindsey, I be spending Folie's

Circle blocks 'til I'm dizzy (yeah, what?)

Like where is he? (Yeah, what?)

No one seen him (yeah, yeah)

I'm tryna clean 'em (yeah)



She's in love with who I am

Back in high school, I used to bust it to the dance

Now I hit the fbo with duffles in my hand (woo!)

I did half a Xan, thirteen hours 'til I land

Had me out like a light (like a light)

Like a light (like a light)

Like a light (yeah, like a light)

Like a light



Yeah, pass the dawgs in celly

Sendin' texts, ain't sendin' kites, yeah

He said ""keep that on lock""

I said ""you know this shit, its life, yeah

It's absolute (yeah)

I'm back reboot (it's lit!)

LaFerrari to Jamba juice, yeah (skrrt, skrrt)

We back on the road

They jumpin' off

No parachute, yeah

Shorty in the back

She said she workin' on her glutes, yeah (oh my God)

Ain't by the book (yeah)

This how it look (yeah)

'Bout a check (yeah)

Just check the foots (yeah)

Passes to my daughter

I'ma show her what it took (yeah)

Baby mama cover Forbes

Got these other bitches shook, yeah",false,,151.9990809,"[0.41638365387916565,0.40414124727249146,0.45570361614227295,0.46297669410705566,0.4323778748512268,0.4623260796070099,0.47473466396331787,0.431090384721756,0.4797295928001404,0.5688576102256775,0.5316964983940125,0.4374973773956299]",2743.591276,2571.83416,"[21.55539401941388,15.896257628020665,18.760074210300722,19.07415025387142,19.912243471375632,18.169652923943946,47.46486336935546]",0.030022368,0.111766176,0.29148367,"[-74.2154312133789,74.66548156738281,9.899497985839844,14.57141399383545,10.0747709274292,11.821145057678223,-3.764543294906616,7.061156272888184,0.12282036244869232,7.56279993057251,0.6544156074523926,2.1893057823181152,-2.7749674320220947,0.9609096646308899,-0.836404025554657,6.022181034088135,-0.43978244066238403,3.971245527267456,0.0012119871098548174,-2.0082876682281494]",,0,746037e8-0c1a-4da2-bf19-1a01673adb78,,2020,0.7,0.6,0.7,0.2,0.05,,,,,
fc99a56a-337b-493f-83dc-29a3de47b8fe,Kho Gaye Tum Na Jaane Kahaan,Madhavas Rock Band,0e05fb8a-7a45-4c7f-9316-5a52975f4a93,11400,14,https://yaysfbsmvtyqpbfhxstj.supabase.co/storage/v1/object/public/songs/radhakrishn/Kho%20Gaye%20Tum%20Na%20Jaane%20Kahaan.mp3,2025-01-11 09:50:07.79669+00,https://yaysfbsmvtyqpbfhxstj.supabase.co/storage/v1/object/public/songs/radhakrishn/images/Kho%20Gaye%20Tum%20Na%20Jaane%20Kahaan.jpg?t=2025-01-11T09%3A38%3A38.814Z,57977d20-5217-4694-bf52-9c090d873262,krishna,,,false,,99.38401442,"[0.19248540699481964,0.17667719721794128,0.11766697466373444,0.31219032406806946,0.4763687252998352,0.20372037589550018,0.2899629771709442,0.2018251121044159,0.3909757137298584,0.22019293904304504,0.13695760071277618,0.2850988805294037]",1989.059581,2491.757228,"[18.656094656636846,18.04885295386534,22.56471651869867,22.47506095008237,21.26738855593014,20.465747829638815,49.416587833301485]",0.006478173,0.073611944,0.136019051,"[-150.17691040039062,103.16813659667969,23.271215438842773,15.287184715270996,-2.123041868209839,0.7743918895721436,-7.7767839431762695,-5.4861578941345215,-7.244881629943848,-3.472254753112793,-6.46058464050293,-4.5984110832214355,-13.374394416809082,-1.500924825668335,-4.663541793823242,-0.3229463994503021,-0.6674128174781799,1.1313793659210205,-0.15341304242610931,3.760024309158325]",,0,77634ddb-017e-4ea4-9c95-ee3127345dae,,2020,0.7,0.6,0.7,0.2,0.05,,,,,
fdb8fab4-4c0f-4622-910a-9665b26931ba,Hardest To Love,The Weekend,d5ae8b55-828e-4f4d-beec-d4db56eb19fd,13500,12,https://yaysfbsmvtyqpbfhxstj.supabase.co/storage/v1/object/public/songs/Hardest%20To%20Love.mp3,2024-12-01 18:33:43.637226+00,,8ce103b6-297a-40c4-9bff-68708cfb6d0c,r&b,,,false,,107.6660156,"[0.4457004964351654,0.29913848638534546,0.332526832818985,0.26893529295921326,0.31559425592422485,0.4525940418243408,0.3300881087779999,0.40653195977211,0.30123358964920044,0.4054466187953949,0.4824310541152954,0.313482403755188]",1624.943389,2067.268174,"[19.733397809065092,16.234153772350723,20.054753212030064,19.507476210100734,20.175700881293068,19.686772486346687,48.79515620142703]",0.009512047,0.052671199,0.105663814,"[-201.13223266601562,121.74201965332031,8.664551734924316,10.569819450378418,7.7774834632873535,5.699278354644775,3.833164930343628,4.49401330947876,-4.088200092315674,11.109110832214355,-2.2302169799804688,-0.9378969073295593,-1.7722117900848389,5.442861080169678,-2.2498583793640137,5.603426933288574,0.3501231372356415,1.4571763277053833,-2.8324508666992188,2.6091439723968506]",,0,,,2020,0.65,0.45,0.7,0.15,0.05,,,,,
ff1f7d95-c161-4c1f-971b-1a09055018be,After Hours,The Weekend,56dbced7-3584-44fc-85a8-3b08f6e1a382,13500,1,https://yaysfbsmvtyqpbfhxstj.supabase.co/storage/v1/object/public/songs/After%20Hours.mp3,2024-12-01 16:36:33.446433+00,,2c5d4b1f-3834-43c6-b0f0-0b48fc3cf317,r&b,,,false,,107.6660156,"[0.41188767552375793,0.26067596673965454,0.30402565002441406,0.40312743186950684,0.2933664619922638,0.3560471534729004,0.35946643352508545,0.5893666744232178,0.33814284205436707,0.23690330982208252,0.29366782307624817,0.2631112039089203]",2050.671128,2319.741615,"[20.270128479252975,17.950173158993216,19.991648270871394,18.086853303533076,19.518778102527527,19.340015701948797,47.27311549297383]",0.011678224,0.072111479,0.205661014,"[-108.99799346923828,101.42373657226562,-13.635985374450684,-1.1760088205337524,3.9478273391723633,-2.394033670425415,-5.0045976638793945,-8.311180114746094,-7.897051811218262,5.718019485473633,-6.214527606964111,-4.712181568145752,-6.874888896942139,-2.1371612548828125,-7.164015293121338,1.9721895456314087,-0.06419964879751205,1.857264757156372,-0.24885353446006775,6.134243965148926]",,0,,,2020,0.65,0.45,0.7,0.15,0.05,,,,,
ff234431-16aa-4644-b663-548e480caef0,You Said You Were Sorry,"Selena Gomez, benny blanco",,,,https://resonance-bucket-1.s3.us-east-005.backblazeb2.com/songs/You+Said+You+Were+Sorry.mp3,2025-05-01 03:00:28.745982+00,https://resonance-bucket-1.s3.us-east-005.backblazeb2.com/images/You+Said+You+Were+Sorry.jpg,9afc04aa-5f8e-4560-babb-b0af5cead42a,,,,false,,,,,,,,,,,,0,9fc41d15-f0aa-42ad-9c64-39495adee508,,,,,,,,,,,,
ffb5f929-7c53-4be4-92ad-db933923aa59,Kalyug vs Bhagwaan,Maanya Arora,0e05fb8a-7a45-4c7f-9316-5a52975f4a93,18960,15,https://yaysfbsmvtyqpbfhxstj.supabase.co/storage/v1/object/public/songs/radhakrishn/Kalyug%20vs%20Bhagwaan.mp3,2025-01-11 09:50:07.79669+00,https://yaysfbsmvtyqpbfhxstj.supabase.co/storage/v1/object/public/songs/radhakrishn/images/Kalyug%20vs%20Bhagwaan.jpg,6b4cbc2d-8a30-43d3-ab2c-8b4ea3a028e5,krishna,,"[00:22.68]har Ã Â¤â€¦Ã Â¤Â¶Ã Â¥ÂÃ Â¤Â¦Ã Â¥ÂÃ Â¤Â§Ã Â¤Â¿ Ã Â¤â€¢Ã Â¥â€¡ Ã Â¤Â²Ã Â¤Â¿Ã Â¤Â Ã Â¤Â®Ã Â¥Ë†Ã Â¤â€š Ã Â¤Â¶Ã Â¥ÂÃ Â¤Â¦Ã Â¥ÂÃ Â¤Â§ Ã Â¤Â¹Ã Â¥â€¹Ã Â¤Â¨Ã Â¤Â¾ Ã Â¤Å¡Ã Â¤Â¾Ã Â¤Â¹Ã Â¤Â¤Ã Â¤Â¾ Ã Â¤Â¹Ã Â¥â€šÃ Â¤Â
[00:25.63]aur kaali buddhi ka Ã Â¤Â®Ã Â¥Ë†Ã Â¤â€š Ã Â¤Â¬Ã Â¥ÂÃ Â¤Â¦Ã Â¥ÂÃ Â¤Â§ Ã Â¤Â¹Ã Â¥â€¹Ã Â¤Â¨Ã Â¤Â¾ Ã Â¤Å¡Ã Â¤Â¾Ã Â¤Â¹Ã Â¤Â¤Ã Â¤Â¾ Ã Â¤Â¹Ã Â¥â€šÃ Â¤Â
[00:28.50]Ã Â¤Å¡Ã Â¤Â¾Ã Â¤Â¹Ã Â¤Â¤Ã Â¤Â¾ Ã Â¤Â¹Ã Â¥â€šÃ Â¤Â shristi Ã Â¤Â®Ã Â¥â€¡Ã Â¤â€š yuddh Ã Â¤Å¡Ã Â¤Â¾Ã Â¤Â°Ã Â¥â€¹Ã Â¤â€š Ã Â¤â€œÃ Â¤Â° Ã Â¤Â¹Ã Â¥â€¹
[00:31.22]Ã Â¤â€¡Ã Â¤Â¸ dharti Ã Â¤â€¢Ã Â¥â€¡ Ã Â¤ÂªÃ Â¥ÂÃ Â¤Â°Ã Â¥â€¡Ã Â¤Â® se Ã Â¤Â®Ã Â¥Ë†Ã Â¤â€š Ã Â¤â€¢Ã Â¥ÂÃ Â¤Â°Ã Â¥ÂÃ Â¤Â¦Ã Â¥ÂÃ Â¤Â§ Ã Â¤Â¹Ã Â¥â€¹Ã Â¤Â¨Ã Â¤Â¾ Ã Â¤Å¡Ã Â¤Â¾Ã Â¤Â¹Ã Â¤Â¤Ã Â¤Â¾ Ã Â¤Â¹Ã Â¥â€šÃ Â¤Â
[00:33.93]Ã Â¤Å¡Ã Â¤Â¾Ã Â¤Â¹Ã Â¤Â¤Ã Â¤Â¾ Ã Â¤Â¹Ã Â¥â€šÃ Â¤Â Ã Â¤Â¤Ã Â¥â€¹Ã Â¤Â¡Ã Â¤Â¼ Ã Â¤Â¦Ã Â¥â€¡Ã Â¤Â¨Ã Â¤Â¾ Ã Â¤Â¸Ã Â¤Â¤Ã Â¥ÂÃ Â¤Â¯ Ã Â¤â€¢Ã Â¥â‚¬ deewar ko
[00:36.89]Ã Â¤Å¡Ã Â¤Â¾Ã Â¤Â¹Ã Â¤Â¤Ã Â¤Â¾ Ã Â¤Â¹Ã Â¥â€šÃ Â¤Â Ã Â¤Â®Ã Â¥â€¹Ã Â¤Â¡Ã Â¤Â¼ Ã Â¤Â¦Ã Â¥â€¡Ã Â¤Â¨Ã Â¤Â¾ prem ki guhar ko
[00:39.57]Ã Â¤Å¡Ã Â¤Â¾Ã Â¤Â¹Ã Â¤Â¤Ã Â¤Â¾ Ã Â¤Â¹Ã Â¥â€šÃ Â¤Â Ã Â¤â€¡Ã Â¤Â¸ Ã Â¤Â§Ã Â¤Â°Ã Â¤Â¾ Ã Â¤ÂªÃ Â¤Â° paap Ã Â¤Â«Ã Â¥â€šÃ Â¤Â²Ã Â¥â€¡ Ã Â¤â€Ã Â¤Â° Ã Â¤Â«Ã Â¤Â²Ã Â¥â€¡
[00:42.26]Ã Â¤Å¡Ã Â¤Â¾Ã Â¤Â¹Ã Â¤Â¤Ã Â¤Â¾ Ã Â¤Â¹Ã Â¥â€šÃ Â¤Â Ã Â¤â€¡Ã Â¤Â¸ Ã Â¤Å“Ã Â¤â€”Ã Â¤Â¤ Ã Â¤â€¢Ã Â¥â€¡ Ã Â¤Â¹Ã Â¤Â° Ã Â¤Â¹Ã Â¥Æ’Ã Â¤Â¦Ã Â¤Â¯ Ã Â¤Â®Ã Â¥â€¡Ã Â¤â€š Ã Â¤â€ºÃ Â¤Â² Ã Â¤ÂªÃ Â¤Â²Ã Â¥â€¡
[00:45.29]Ã Â¤Â®Ã Â¥Ë†Ã Â¤â€š Ã Â¤Â¨Ã Â¤Â¹Ã Â¥â‚¬Ã Â¤â€š vo Ã Â¤Â°Ã Â¤Â¾Ã Â¤ÂµÃ Â¤Â£ jo aake Ã Â¤Â®Ã Â¥ÂÃ Â¤ÂÃ Â¤â€¢Ã Â¥â€¹ Ã Â¤Â®Ã Â¤Â¾Ã Â¤Â° doge
[00:47.83]Ã Â¤Â®Ã Â¥Ë†Ã Â¤â€š Ã Â¤Â¨Ã Â¤Â¹Ã Â¥â‚¬Ã Â¤â€š Ã Â¤ÂµÃ Â¤Â¹ Ã Â¤â€¢Ã Â¤â€šÃ Â¤Â¸ Ã Â¤Å“Ã Â¤Â¿Ã Â¤Â¸Ã Â¤â€¢Ã Â¥â‚¬ Ã Â¤Â¬Ã Â¤Â¾Ã Â¤ÂÃ Â¤Â¹ Ã Â¤Â¤Ã Â¥ÂÃ Â¤Â® Ã Â¤â€°Ã Â¤â€“Ã Â¤Â¾Ã Â¤Â¡Ã Â¤Â¼ doge
[00:50.77]paap ka mai devta hu mujhko Ã Â¤ÂªÃ Â¤Â¹Ã Â¤Å¡Ã Â¤Â¾Ã Â¤Â¨ Ã Â¤Â²Ã Â¥â€¹
[00:53.56]khelta hu mind se ye raaz Ã Â¤Â¤Ã Â¥ÂÃ Â¤Â® bhi Ã Â¤Å“Ã Â¤Â¾Ã Â¤Â¨ Ã Â¤Â²Ã Â¥â€¹
[00:56.46]Ã Â¤Â¤Ã Â¥ÂÃ Â¤Â®Ã Â¥ÂÃ Â¤Â¹Ã Â¤Â¾Ã Â¤Â°Ã Â¥â€¡ Ã Â¤Â­Ã Â¤â€¢Ã Â¥ÂÃ Â¤Â¤ Ã Â¤Â­Ã Â¥â‚¬ Ã Â¤Â®Ã Â¥â€¡Ã Â¤Â°Ã Â¥â‚¬ Ã Â¤ÂªÃ Â¤â€¢Ã Â¤Â¡Ã Â¤Â¼ Ã Â¤Â®Ã Â¥â€¡Ã Â¤â€š Ã Â¤â€  Ã Â¤â€”Ã Â¤Â Ã Â¤Â¹Ã Â¥Ë†Ã Â¤â€š
[00:59.14]Ã Â¤Â®Ã Â¤Â¾Ã Â¤Â°Ã Â¤Â¨Ã Â¤Â¾ Ã Â¤Â¹Ã Â¥Ë† Ã Â¤Â®Ã Â¥ÂÃ Â¤ÂÃ Â¤â€¢Ã Â¥â€¹ Ã Â¤Â¤Ã Â¥â€¹, Ã Â¤ÂªÃ Â¤Â¹Ã Â¤Â²Ã Â¥â€¡ Ã Â¤â€¡Ã Â¤Â¨Ã Â¥ÂÃ Â¤Â¹Ã Â¥â€¡Ã Â¤â€š Ã Â¤Â®Ã Â¤Â¾Ã Â¤Â° Ã Â¤Â¦Ã Â¥â€¹
[01:01.75]Ã Â¤Â¯Ã Â¥ÂÃ Â¤Â¦Ã Â¥ÂÃ Â¤Â§ Ã Â¤â€¢Ã Â¤Â°Ã Â¤Â¨Ã Â¤Â¾ Ã Â¤Å¡Ã Â¤Â¾Ã Â¤Â¹Ã Â¥â€¹ Ã Â¤Â¤Ã Â¥â€¹ insaniyat ki haar ho
[01:04.74]dharm ki ho haani ab adharm ki pukaar ho
[01:07.70]sab Ã Â¤Â¤Ã Â¥ÂÃ Â¤Â®Ã Â¥ÂÃ Â¤Â¹Ã Â¤Â¾Ã Â¤Â°Ã Â¥â€¡ Ã Â¤Â­Ã Â¤â€¢Ã Â¥ÂÃ Â¤Â¤ jan bhi ab Ã Â¤ÂµÃ Â¤Â¿Ã Â¤Â°Ã Â¥â€¹Ã Â¤Â§Ã Â¥â‚¬ Ã Â¤Â¹Ã Â¥â€¹ Ã Â¤â€”Ã Â¤Â Ã Â¤Â¹Ã Â¥Ë†Ã Â¤â€š
[01:10.37]rab Ã Â¤Â¤Ã Â¥ÂÃ Â¤Â®Ã Â¥ÂÃ Â¤Â¹Ã Â¤Â¾Ã Â¤Â°Ã Â¥â€¡ Ã Â¤Â¸Ã Â¤â€šÃ Â¤Â¤Ã Â¤Å“Ã Â¤Â¨ bhi kab se Ã Â¤â€¢Ã Â¥ÂÃ Â¤Â°Ã Â¥â€¹Ã Â¤Â§Ã Â¥â‚¬ Ã Â¤Â¹Ã Â¥â€¹ Ã Â¤â€”Ã Â¤Â Ã Â¤Â¹Ã Â¥Ë†
[01:13.38]Ã Â¤Â®Ã Â¥Ë†Ã Â¤â€š Ã Â¤Â¨Ã Â¤Â¹Ã Â¥â‚¬Ã Â¤â€š hun Ã Â¤Â¬Ã Â¤Â¸ me kisi Ã Â¤Â°Ã Â¤Â¾Ã Â¤Â®,Ã Â¤â€¢Ã Â¥Æ’Ã Â¤Â·Ã Â¥ÂÃ Â¤Â£ Ã Â¤â€Ã Â¤Â° Ã Â¤Â¬Ã Â¥ÂÃ Â¤Â¦Ã Â¥ÂÃ Â¤Â§ ke
[01:16.01]ab karunga Ã Â¤Â¨Ã Â¤Â¾Ã Â¤Â¶ manushya ke vajood ke
[01:18.98]Ã Â¤â€¦Ã Â¤Â¬ Ã Â¤Â¨Ã Â¤Â¹Ã Â¥â‚¬Ã Â¤â€š Ã Â¤Â®Ã Â¥Ë†Ã Â¤â€š Ã Â¤â€”Ã Â¤Â¼Ã Â¤Â²Ã Â¤Â¤Ã Â¤Â¿Ã Â¤Â¯Ã Â¤Â¾Ã Â¤Â Ã Â¤ÂµÃ Â¥Ë†Ã Â¤Â¸Ã Â¥â‚¬ Ã Â¤â€¢Ã Â¤Â°Ã Â¥â€šÃ Â¤Â Ã Â¤Å“Ã Â¥â€¹ Ã Â¤â€¢Ã Â¤Â° Ã Â¤Å¡Ã Â¥ÂÃ Â¤â€¢Ã Â¤Â¾
[01:21.66]aur Ã Â¤Â°Ã Â¤Â¾Ã Â¤ÂµÃ Â¤Â£ bhi Ã Â¤ÂµÃ Â¥â‚¬Ã Â¤Â° Ã Â¤Â¥Ã Â¤Â¾ jo Ã Â¤â€¢Ã Â¤Â¬ Ã Â¤â€¢Ã Â¤Â¾ Ã Â¤â€ºÃ Â¤Â² Ã Â¤Â¸Ã Â¥â€¡ Ã Â¤Â®Ã Â¤Â° Ã Â¤Å¡Ã Â¥ÂÃ Â¤â€¢Ã Â¤Â¾
[01:24.52]Ã Â¤Â®Ã Â¤Â¾Ã Â¤Â° diya Ã Â¤â€¢Ã Â¤â€šÃ Â¤Â¸ Ã Â¤â€¢Ã Â¥â€¹ bhi Ã Â¤â€¢Ã Â¥ÂÃ Â¤Â¶Ã Â¥ÂÃ Â¤Â¤Ã Â¥â‚¬ ke khel me
[01:27.53]ye kalyug hai suno beta hone vala ni fail mai
[01:30.42]Ã Â¤â€¢Ã Â¤â€šÃ Â¤Â¸- Ã Â¤Â°Ã Â¤Â¾Ã Â¤ÂµÃ Â¤Â£- Ã Â¤Â¦Ã Â¥ÂÃ Â¤Â°Ã Â¥ÂÃ Â¤Â¯Ã Â¥â€¹Ã Â¤Â§Ã Â¤Â¨ Ã Â¤Â¤Ã Â¥ÂÃ Â¤Â®Ã Â¤â€¢Ã Â¥â€¹ Ã Â¤Â¨Ã Â¤Â¹Ã Â¥â‚¬Ã Â¤â€š Ã Â¤ÂªÃ Â¤Â¹Ã Â¤Å¡Ã Â¤Â¾Ã Â¤Â¨Ã Â¤Â¤Ã Â¥â€¡ Ã Â¤Â¥Ã Â¥â€¡
[01:33.47]kaisa ladna Ã Â¤Å“Ã Â¤Â¼Ã Â¤Â¿Ã Â¤Â¦ Ã Â¤ÂªÃ Â¤â€¢Ã Â¤Â¡Ã Â¤Â¼Ã Â¤Â¨Ã Â¤Â¾ yuddh me vo jaan dete
[01:35.89]fact ko ni jante the
[01:41.90]Ã Â¤Â®Ã Â¥Ë†Ã Â¤â€š ni abse Ã Â¤â€ºÃ Â¥â€¹Ã Â¤Å¸Ã Â¥â‚¬ Ã Â¤Â¬Ã Â¤Â¾Ã Â¤Â¤ Ã Â¤ÂªÃ Â¤Â° Ã Â¤â€¦Ã Â¤Â¡Ã Â¤Â¼ Ã Â¤Å“Ã Â¤Â¾Ã Â¤Å Ã Â¤Â jo
[01:44.60]dimaag se chalaak Ã Â¤â€“Ã Â¤Â¼Ã Â¥â€¹Ã Â¤Å¸Ã Â¥â‚¬ Ã Â¤Â¬Ã Â¤Â¾Ã Â¤Â¤ pe Ã Â¤Â¬Ã Â¤Â¢Ã Â¤Â¼ Ã Â¤Å“Ã Â¤Â¾Ã Â¤Å Ã Â¤Â to
[01:47.22]naa hi Ã Â¤Å“Ã Â¥â‚¬Ã Â¤Â¤Ã Â¤Â¤Ã Â¤Â¾ Ã Â¤Â¦Ã Â¥ÂÃ Â¤Â¨Ã Â¤Â¿Ã Â¤Â¯Ã Â¤Â¾ me Ã Â¤â€¦Ã Â¤Â¬ Ã Â¤â€¢Ã Â¤Â¿Ã Â¤Â¸Ã Â¥â‚¬ Ã Â¤Â­Ã Â¥â‚¬ Ã Â¤Â¦Ã Â¥â€¡Ã Â¤Â¶ Ã Â¤â€¢Ã Â¥â€¹
[01:50.53]ghaseeta mai neechta manushyata ke bhesh ko
[01:54.09]Ã Â¤Â®Ã Â¥Ë†Ã Â¤â€šÃ Â¤Â¨Ã Â¥â€¡ Ã Â¤Â¸Ã Â¥ÂÃ Â¤Â¨Ã Â¤Â¾ Ã Â¤Â¥Ã Â¤Â¾ tumhara Ã Â¤â€¡Ã Â¤Â¨Ã Â¥ÂÃ Â¤Â¹Ã Â¥â‚¬Ã Â¤â€š Ã Â¤â€¢Ã Â¥â‚¬ Ã Â¤Â¦Ã Â¥â€¡Ã Â¤Â¹ Ã Â¤Â®Ã Â¥â€¡Ã Â¤â€š tha Ã Â¤ÂµÃ Â¤Â¾Ã Â¤Â¸
[01:56.75]Ã Â¤Â§Ã Â¤Â°Ã Â¥ÂÃ Â¤Â®, Ã Â¤â€¢Ã Â¤Â°Ã Â¥ÂÃ Â¤Â®, Ã Â¤ÂªÃ Â¤Â¾Ã Â¤Â -Ã Â¤ÂªÃ Â¥â€šÃ Â¤Å“Ã Â¤Â¾ poore desh ka vinash
[01:59.44]Ã Â¤â€¡Ã Â¤Â¨Ã Â¥ÂÃ Â¤Â¹Ã Â¥â‚¬Ã Â¤â€š Ã Â¤â€¢Ã Â¥â‚¬ aastha bani thi raasta
[02:01.90]aur aaj na dakaar lu ye banenge mera naasta
[02:05.19]aaj insaniyat pe paap ka jo vaaas hai
[02:07.63]samaaj ka har 1 electron mera daas hai
[02:10.38]Ã Â¤â€¢Ã Â¤Â¾Ã Â¤Å¸Ã Â¤Â¨Ã Â¤Â¾ Ã Â¤Å¡Ã Â¤Â¾Ã Â¤Â¹Ã Â¥â€¹ mujhko Ã Â¤ÂªÃ Â¤Â¹Ã Â¤Â²Ã Â¥â€¡ Ã Â¤â€¡Ã Â¤Â¨Ã Â¤â€¢Ã Â¥â€¹ Ã Â¤â€¢Ã Â¤Â¾Ã Â¤Å¸ Ã Â¤Â¦Ã Â¥â€¹
[02:13.26]aaj bhrast kar chuka vikaas ke vigyaan ko
[02:16.13]Ã Â¤Â¬Ã Â¤Å¡Ã Â¥â€¹ Ã Â¤â€¦Ã Â¤ÂªÃ Â¤Â¨Ã Â¥â€¡ Ã Â¤Â¹Ã Â¥â‚¬ Ã Â¤Â­Ã Â¤â€¢Ã Â¥ÂÃ Â¤Â¤Ã Â¥â€¹Ã Â¤â€š Ã Â¤Â¸Ã Â¥â€¡ ab Ã Â¤Â¸Ã Â¤Â®Ã Â¥ÂÃ Â¤Â¹Ã Â¤Â¾Ã Â¤Â²Ã Â¥â€¹ Ã Â¤Å“Ã Â¤Â¾Ã Â¤Â¨ Ã Â¤â€¢Ã Â¥â€¹
[02:18.92]ho Ã Â¤Â¸Ã Â¤â€¢Ã Â¥â€¡ Ã Â¤Â¤Ã Â¥â€¹ Ã Â¤Â¤Ã Â¥ÂÃ Â¤Â® Ã Â¤Â¬Ã Â¤Å¡Ã Â¤Â¾ Ã Â¤Â²Ã Â¥â€¹ aaj Ã Â¤â€¦Ã Â¤ÂªÃ Â¤Â¨Ã Â¥â€¡ Ã Â¤Â®Ã Â¤Â¾Ã Â¤Â¨ Ã Â¤â€¢Ã Â¥â€¹
[02:21.93]Ã Â¤â€¦Ã Â¤Â¬ Ã Â¤Â¨Ã Â¤Â¹Ã Â¥â‚¬Ã Â¤â€š Ã Â¤Â®Ã Â¥Ë†Ã Â¤â€š- Ã Â¤Â°Ã Â¥â€šÃ Â¤Âª Ã Â¤Â§Ã Â¤Â°Ã Â¤â€¢Ã Â¥â€¡, Ã Â¤Â¸Ã Â¤Å“-Ã Â¤Â¸Ã Â¤ÂÃ Â¤ÂµÃ Â¤Â° Ã Â¤â€¢Ã Â¥â€¡ Ã Â¤ËœÃ Â¥â€šÃ Â¤Â®Ã Â¤Â¤Ã Â¤Â¾ Ã Â¤Â¹Ã Â¥â€šÃ Â¤Â
[02:24.69]Ã Â¤â€¦Ã Â¤Â¬ Ã Â¤Â¨Ã Â¤Â¹Ã Â¥â‚¬Ã Â¤â€š Ã Â¤Â®Ã Â¥Ë†Ã Â¤â€š Ã Â¤â€ºÃ Â¤Â² Ã Â¤â€¢Ã Â¤ÂªÃ Â¤Å¸ Ã Â¤â€¢Ã Â¥â€¹ Ã Â¤Â¸Ã Â¤Â° Ã Â¤ÂªÃ Â¥â€¡ Ã Â¤Â°Ã Â¤â€“ Ã Â¤â€¢Ã Â¥â€¡ Ã Â¤ËœÃ Â¥â€šÃ Â¤Â®Ã Â¤Â¤Ã Â¤Â¾ Ã Â¤Â¹Ã Â¥â€šÃ Â¤Â
[02:27.88]Ã Â¤â€¦Ã Â¤Â¬ Ã Â¤Â¨Ã Â¤Â¹Ã Â¥â‚¬Ã Â¤â€š Ã Â¤Â¹Ã Â¥Ë†Ã Â¤â€š Ã Â¤Â¨Ã Â¤Â¿Ã Â¤â€šÃ Â¤Â¦Ã Â¤Â¨Ã Â¥â‚¬Ã Â¤Â¯ Ã Â¤Å¡Ã Â¥â€¹Ã Â¤Â°Ã Â¥â‚¬ aur hatya
[02:30.25]Ã Â¤Â¹Ã Â¥ÂÃ Â¤Â Ã Â¤â€¦Ã Â¤Â­Ã Â¤Â¿Ã Â¤Â¨Ã Â¤â€šÃ Â¤Â¦Ã Â¤Â¨Ã Â¥â‚¬Ã Â¤Â¯ Ã Â¤ÂÃ Â¥â€šÃ Â¤Â  vale tathya
[02:33.14]mai hi hu kalyug kaal ka mai baap hu
[02:35.81]ubar na paaye koi bhi vinash ka m shraap mu
[02:48.95]Bhagwaan - Han mana tu hai chal kapat
[02:50.80]Is jahan me har wakat
[02:52.28]Kar raha tu naash sabka
[02:53.56]Ro raha mai sar pakad
[02:55.18]Jitni bhi darindgi in aankhe se thi dekhi
[02:57.84]100 guna hai bad chuki ye baat maanu mai bhi
[03:00.69]Satya ko tu kaat ta dhaar paini kainchi
[03:03.23]Maanta khudko h bada ye galti hai smay ki
[03:06.26]Han mai chup hu pr aankhe hai khuli
[03:08.96]Ginta paap tere nazre meri tujpe hi gadi
[03:11.81]Sambhal ja aaj tu maaf tujko hai kiya
[03:14.55]sukh banta har ghadi or dukh tera piya
[03:17.45]Pr tujko ye lage maine kuch ni kiya
[03:20.14]Ye mitti ka sareer meri hi h kalpana
[03:23.09]teri Soch me bhara
[03:24.14]Lobh ka tokra
[03:25.80]Irsha hai mann me tere or mann nahi bhara
[03:28.72]Jalan bhari hai krodh tujko lagta hai bada
[03:31.35]Ab jyada nai chalega papo ka ye Silsila
[03:34.38]Soch teri khaamkha
[03:35.66]Paisa jyada chaapta
[03:37.03]Mujse or maangta
[03:38.43]Pr mujhe ni maanta
[03:39.78]Vish piya vinaash ka
[03:41.45]Ab lau aapda
[03:42.85]Waqt aagya hai roop dikhadu Virat sa
[03:45.78]Teri kalpana se kaafi bada mera roop
[03:47.62]Andhkr khtam karu jaise mai dhoop
[03:49.81]waqt se chalega tu mai wahi to waqt hu
[03:52.52]Teri nas me beh raha jo lal sa wo rakt hu
[03:55.25]mai satya hu - SATYA
[03:57.47]tu khud ko maane brahma or tu gyaan hona chata h
[04:00.02]gyaan behta h mujhse tu mera praan lena chata h
[04:02.72]mujhko chunoti deke tu bhagwaan hona chata h
[04:05.53]mujhse takra ke aaj tu samsaan jana chata h
[04:08.51]m vishnu hu m ram bhi
[04:09.67]brahma ka lu sthaan bhi
[04:11.02]mai krishn ka sudarsan chakraa or arjun ka mai baan bhi
[04:14.04]maano to mai bhagwan hu or na maano to shaitaan bhi
[04:16.83]mai hi bharta jaan sabme le leta hu praan bhi
[04:19.59]mai mahadev shankar bhi hu or mai hi hanuman bhi
[04:22.45]bechani ka karan m or mujme mile araam bhi
[04:25.19]mai raat ko sheetal chand banu dhoop hu subh shaam ki
[04:28.14]kalyug dekh tu roop mera ab dekh mujhe pehchaan abhi
[04:31.10]ye dharti ghoome bal se mere aankho me sooraj jab chamke
[04:33.78]rehta bheetar sabke mann ke peeche nahi paise or dhan ke
[04:37.09]mai rehte kan-kan me parchai jaisa darpan me
[04:39.48]har jeev jantu ki dhadkan me or mrityu ki tadpan bhi mai
[04:42.40]raavan ko mara maine kansh ke kheenche baaah
[04:45.33]hrinakashyap faadaa maine roop leke mahaan
[04:47.87]tujko diya ja 1 mauka baat le meri maan
[04:50.56]verna roop mera viraat dekh ke chhor jayega praan
[05:15.47]",false,,172.265625,"[0.47509482502937317,0.37757155299186707,0.3365103006362915,0.3880067467689514,0.4851595461368561,0.39775002002716064,0.44916459918022156,0.4450130760669708,0.40113383531570435,0.4425043761730194,0.42457014322280884,0.5134142637252808]",2165.355119,2458.841405,"[23.261676373660364,14.866573189993442,18.024145304668153,16.89862210382935,17.78144509619224,17.376905522900394,46.13901689696536]",0.019984715,0.083394473,0.197667807,"[-97.37138366699219,101.63924407958984,8.114468574523926,13.35571575164795,8.365239143371582,7.249154567718506,-3.1940553188323975,6.889636039733887,-5.106544017791748,-0.21755224466323853,0.5173519849777222,1.652884602546692,-1.0827834606170654,-0.20634372532367706,-1.707910418510437,0.8451068997383118,-4.714470863342285,2.2784929275512695,-0.7658323049545288,0.8758323192596436]",,0,77634ddb-017e-4ea4-9c95-ee3127345dae,,2020,0.7,0.6,0.7,0.2,0.05,,,,,